id,node,batchsize,delay,tx,send,round,TPS
7,16,1000,1.18806,50000,60,0,42085.41656145313
7,16,1000,1.1507690000000002,50000,100,1,43449.20657403875
7,16,1000,2.386018,100000,70,2,41910.83218986613
7,16,1000,2.353123,100000,70,3,42496.71606626598
7,16,1000,3.5569870000000003,150000,60,4,42170.52241124299
7,16,1000,3.5117329999999995,150000,60,5,42713.95348108755
7,16,1000,4.781539,200000,60,6,41827.53711723359
12,16,1000,1.227521,50000,60,0,40732.50070670888
12,16,1000,1.1508260000000001,50000,60,1,43447.05455038381
12,16,1000,2.4249669999999997,100000,120,2,41237.67457454061
12,16,1000,2.354057,100000,70,3,42479.854990767
12,16,1000,3.5952279999999996,150000,60,4,41721.971457721185
12,16,1000,3.5122110000000006,150000,60,5,42708.14025694925
12,16,1000,4.811211999999999,200000,50,6,41569.567086214454
6,16,1000,1.508241,50000,60,0,33151.20063703347
6,16,1000,1.149997,50000,60,1,43478.3742914112
6,16,1000,2.706156,100000,60,2,36952.784687948515
6,16,1000,2.352582,100000,70,3,42506.48861548716
6,16,1000,3.87685,150000,70,4,38691.20548899235
6,16,1000,3.5108119999999996,150000,50,5,42725.15873820644
6,16,1000,5.09812,200000,60,6,39230.14758381521
1,16,1000,1.459728,50000,61,0,34252.95671522366
1,16,1000,1.1592230000000001,50000,61,1,43132.339506721306
1,16,1000,2.6504209999999997,100000,67,2,37729.85499284831
1,16,1000,2.361822,100000,70,3,42340.193291450414
1,16,1000,3.820543,150000,109,4,39261.43482745777
1,16,1000,3.519488,150000,58,5,42619.83561245272
1,16,1000,5.036853,200000,58,6,39707.333130428866
0,16,1000,1.804543,50000,60,0,27707.846252486088
0,16,1000,1.137364,50000,60,1,43961.29998839422
0,16,1000,3.003076,100000,60,2,33299.190563275784
0,16,1000,2.3402760000000002,100000,70,3,42730.00278599618
0,16,1000,4.174509,150000,70,4,35932.369531362856
0,16,1000,3.4969480000000006,150000,50,5,42894.54690204143
0,16,1000,5.392043999999999,200000,60,6,37091.68545360535
3,16,1000,1.527497,50000,60,0,32733.288510550265
3,16,1000,1.15045,50000,60,1,43461.25429179886
3,16,1000,2.726268,100000,60,2,36680.17964484783
3,16,1000,2.352271,100000,70,3,42512.10851130673
3,16,1000,3.897583,150000,70,4,38485.38953500157
3,16,1000,3.5099980000000004,150000,50,5,42735.06708550831
3,16,1000,5.114570999999999,200000,60,6,39103.963949273566
15,16,1000,1.086757,50000,60,0,46008.44531022115
15,16,1000,1.1518410000000001,50000,60,1,43408.769092261864
15,16,1000,2.285704,100000,60,2,43750.196875885944
15,16,1000,2.351946,100000,70,3,42517.982980901776
15,16,1000,3.4573970000000003,150000,70,4,43385.24039906322
15,16,1000,3.510237,150000,110,5,42732.157401337856
15,16,1000,4.67554,200000,50,6,42775.80771418916
11,16,1000,1.557415,50000,60,0,32104.48082238838
11,16,1000,1.147642,50000,60,1,43567.593378422884
11,16,1000,2.7551110000000003,100000,60,2,36296.17826650178
11,16,1000,2.349857,100000,70,3,42555.78105391094
11,16,1000,3.926633,150000,70,4,38200.66708551576
11,16,1000,3.5081040000000003,150000,50,5,42758.139439423685
11,16,1000,5.143398,200000,110,6,38884.79950414103
10,16,1000,1.130148,50000,60,0,44241.99308409164
10,16,1000,1.1509500000000001,50000,60,1,43442.37369129849
10,16,1000,2.3281029999999996,100000,60,2,42953.42602969027
10,16,1000,2.35313,100000,70,3,42496.58964868069
10,16,1000,3.5023599999999995,150000,70,4,42828.26437031031
10,16,1000,3.5084240000000007,150000,50,5,42754.239510389845
10,16,1000,4.718554999999999,200000,60,6,42385.85753477495
2,16,1000,1.809822,50000,110,0,27627.026304244286
2,16,1000,1.1494870000000001,50000,61,1,43497.664610387066
2,16,1000,3.029314,100000,67,2,33010.774056436545
2,16,1000,2.3389080000000004,100000,70,3,42754.99506607356
2,16,1000,4.191419,150000,61,4,35787.402786502615
2,16,1000,3.497159,150000,58,5,42891.958872902265
2,16,1000,5.4079619999999995,200000,58,6,36982.50838301009
13,16,1000,1.940118,50000,61,0,25771.628323638048
13,16,1000,1.1517309999999998,50000,61,1,43412.914994907675
13,16,1000,3.1373100000000003,100000,67,2,31874.440205143896
13,16,1000,2.3539759999999994,100000,70,3,42481.31671690792
13,16,1000,4.309544000000001,150000,61,4,34806.466763072836
13,16,1000,3.5179649999999993,150000,58,5,42638.286623090346
13,16,1000,5.52052,200000,58,6,36228.471230970994
14,16,1000,1.587801,50000,60,0,31490.092272268375
14,16,1000,1.150888,50000,60,1,43444.71399475884
14,16,1000,2.7870530000000002,100000,60,2,35880.19316460792
14,16,1000,2.3517199999999994,100000,70,3,42522.06895378703
14,16,1000,3.9597160000000002,150000,70,4,37881.504633160555
14,16,1000,3.509111,150000,50,5,42745.86925292474
14,16,1000,5.176027,200000,60,6,38639.67479304107
9,16,1000,1.362276,50000,61,0,36703.28186065085
9,16,1000,1.150166,50000,61,1,43471.985782921765
9,16,1000,2.559217,100000,67,2,39074.45128724919
9,16,1000,2.3525190000000005,100000,70,3,42507.62693096208
9,16,1000,3.7305159999999993,150000,61,4,40208.914798917904
9,16,1000,3.513537000000001,150000,58,5,42692.02231255853
9,16,1000,4.944660999999998,200000,58,6,40447.666685340024
8,16,1000,1.887146,50000,60,0,26495.035360274192
8,16,1000,1.1508099999999999,50000,60,1,43447.658605677745
8,16,1000,3.0850150000000003,100000,60,2,32414.753250794565
8,16,1000,2.3532199999999994,100000,130,3,42494.964346724926
8,16,1000,4.256563000000001,150000,60,4,35239.699259707886
8,16,1000,3.5111659999999993,150000,60,5,42720.85113606136
8,16,1000,5.472816,200000,50,6,36544.25802000287
4,16,1000,1.218321,50000,60,0,41040.087136313006
4,16,1000,1.1534719999999998,50000,60,1,43347.389446817964
4,16,1000,2.41357,100000,60,2,41432.40096620359
4,16,1000,2.3557819999999996,100000,70,3,42448.74950228842
4,16,1000,3.595155,150000,70,4,41722.81862673515
4,16,1000,3.511958,150000,50,5,42711.216933687705
4,16,1000,4.802628,200000,60,6,41643.86664967597
5,16,1000,1.802783,50000,60,0,27734.896546062395
5,16,1000,1.150759,50000,60,1,43449.58414403015
5,16,1000,3.000496,100000,60,2,33327.82313324197
5,16,1000,2.3532779999999995,100000,70,3,42493.91699578206
5,16,1000,4.171841000000001,150000,70,4,35955.34920913812
5,16,1000,3.516717999999999,150000,50,5,42653.405817583334
5,16,1000,5.385441,200000,60,6,37137.16295471438
7,16,2000,2.725141,100000,60,0,36695.34897460352
7,16,2000,2.110011,100000,100,1,47393.11785578369
7,16,2000,4.602694,200000,70,2,43452.812635382674
7,16,2000,4.289805000000001,200000,70,3,46622.16580940158
7,16,2000,6.82593,300000,60,4,43950.05515731923
7,16,2000,6.289284,300000,60,5,47700.18335950483
7,16,2000,9.016039,400000,60,6,44365.380407072334
12,16,2000,2.927441,100000,60,0,34159.5270408524
12,16,2000,2.1103449999999997,100000,60,1,47385.61704365874
12,16,2000,4.8048910000000005,200000,120,2,41624.25328691119
12,16,2000,4.28939,200000,70,3,46626.676520437635
12,16,2000,7.0288010000000005,300000,60,4,42681.532739367634
12,16,2000,6.28127,300000,60,5,47761.04195489129
12,16,2000,9.227194,400000,50,6,43350.12355868967
6,16,2000,2.076469,100000,60,0,48158.67706187764
6,16,2000,2.109232,100000,60,1,47410.621496355074
6,16,2000,3.955131,200000,60,2,50567.22520695269
6,16,2000,4.288015,200000,70,3,46641.62788609648
6,16,2000,6.179435,300000,70,4,48548.127781908865
6,16,2000,6.280984,300000,50,5,47763.21671890901
6,16,2000,8.378045,400000,60,6,47743.835226475865
1,16,2000,2.894939,100000,61,0,34543.04218499941
1,16,2000,2.118469,100000,61,1,47203.90055271047
1,16,2000,4.765394,200000,67,2,41969.24745362084
1,16,2000,4.296743,200000,70,3,46546.88446574533
1,16,2000,6.9898750000000005,300000,109,4,42919.22244675334
1,16,2000,6.290798999999999,300000,58,5,47688.695823853224
1,16,2000,9.184231,400000,58,6,43552.91150669011
0,16,2000,2.231538,100000,60,0,44812.143015265705
0,16,2000,2.0990860000000002,100000,60,1,47639.78226713912
0,16,2000,4.109824999999999,200000,60,2,48663.872549317806
0,16,2000,4.278576000000001,200000,70,3,46744.524346418046
0,16,2000,6.333698999999999,300000,70,4,47365.68630748004
0,16,2000,6.270703000000001,300000,50,5,47841.52590227921
0,16,2000,8.530812,400000,60,6,46888.854191136794
3,16,2000,2.158246,100000,60,0,46333.9211563464
3,16,2000,2.1092880000000003,100000,60,1,47409.362780236734
3,16,2000,4.036911,200000,60,2,49542.83113994834
3,16,2000,4.288323999999999,200000,70,3,46638.26707123809
3,16,2000,6.260689000000001,300000,70,4,47918.0486364999
3,16,2000,6.280674999999999,300000,50,5,47765.566599131475
3,16,2000,8.458209000000002,400000,60,6,47291.33555342507
15,16,2000,1.935324,100000,60,0,51670.93468587172
15,16,2000,2.1092419999999996,100000,60,1,47410.39672071769
15,16,2000,3.813825,200000,60,2,52440.79106933328
15,16,2000,4.297707000000001,200000,70,3,46536.44373615976
15,16,2000,6.028217,300000,70,4,49765.95898920029
15,16,2000,6.2919730000000005,300000,110,5,47679.797735940694
15,16,2000,8.223424,400000,50,6,48641.539096123466
11,16,2000,2.321271,100000,60,0,43079.847204397935
11,16,2000,2.108826,100000,60,1,47419.74918746259
11,16,2000,4.200046,200000,60,2,47618.52608280956
11,16,2000,4.287350999999999,200000,70,3,46648.851470290174
11,16,2000,6.424150000000001,300000,70,4,46698.785053275526
11,16,2000,6.281916999999998,300000,50,5,47756.12285230768
11,16,2000,8.620315000000002,400000,110,6,46402.0166316428
10,16,2000,2.655278,100000,60,0,37660.8400325691
10,16,2000,2.108238,100000,60,1,47432.97483490953
10,16,2000,4.540589,200000,60,2,44047.14894917818
10,16,2000,4.281906,200000,70,3,46708.17154790413
10,16,2000,6.763136,300000,70,4,44358.120256638336
10,16,2000,6.274449,300000,50,5,47812.963337497844
10,16,2000,8.960719000000001,400000,60,6,44639.27504031763
2,16,2000,2.457519,100000,109,0,40691.445315377016
2,16,2000,2.1098510000000004,100000,61,1,47396.711900508606
2,16,2000,4.336376,200000,67,2,46121.461792058624
2,16,2000,4.287932,200000,70,3,46642.53071177435
2,16,2000,6.560049000000001,300000,61,4,45731.36572607917
2,16,2000,6.2804199999999994,300000,58,5,47767.50599482201
2,16,2000,8.756939000000001,400000,58,6,45678.061706265165
13,16,2000,2.626072,100000,61,0,38079.68707636348
13,16,2000,2.1076709999999994,100000,61,1,47445.73512659235
13,16,2000,4.506640000000001,200000,67,2,44378.96082225338
13,16,2000,4.284417999999999,200000,70,3,46680.78604842012
13,16,2000,6.733896000000001,300000,61,4,44550.732592246735
13,16,2000,6.275599999999999,300000,58,5,47804.19402128881
13,16,2000,8.928974,400000,58,6,44797.98014867106
14,16,2000,2.1853,100000,60,0,45760.307509266466
14,16,2000,2.108257,100000,60,1,47432.547360212724
14,16,2000,4.064645,200000,60,2,49204.789102123315
14,16,2000,4.287401,200000,70,3,46648.3074477988
14,16,2000,6.288289,300000,70,4,47707.73099009922
14,16,2000,6.281414000000001,300000,50,5,47759.94704377071
14,16,2000,8.485143999999998,400000,60,6,47141.21528167349
9,16,2000,1.980927,100000,61,0,50481.41602391203
9,16,2000,2.1090039999999997,100000,61,1,47415.746959228156
9,16,2000,3.8591860000000002,200000,67,2,51824.40027508391
9,16,2000,4.288305,200000,70,3,46638.473709309386
9,16,2000,6.083804,300000,61,4,49311.25328823874
9,16,2000,6.281715000000001,300000,58,5,47757.658537517214
9,16,2000,8.279492999999999,400000,58,6,48312.13698713195
8,16,2000,2.422083,100000,60,0,41286.776712441315
8,16,2000,2.112727,100000,60,1,47332.19199641033
8,16,2000,4.2986699999999995,200000,60,2,46526.01851270277
8,16,2000,4.297646,200000,130,3,46537.104265916736
8,16,2000,6.515278,300000,60,4,46045.61770042659
8,16,2000,6.289882,300000,60,5,47695.64834443635
8,16,2000,8.712022,400000,50,6,45913.56633396932
4,16,2000,2.72142,100000,60,0,36745.52255807629
4,16,2000,2.109026,100000,60,1,47415.25234871452
4,16,2000,4.603008,200000,60,2,43449.84844692862
4,16,2000,4.283261,200000,70,3,46693.39552271038
4,16,2000,6.834896,300000,70,4,43892.40158153102
4,16,2000,6.2678970000000005,300000,50,5,47862.94350401737
4,16,2000,9.031883999999998,400000,60,6,44287.54842289827
5,16,2000,2.343697,100000,60,0,42667.63152404086
5,16,2000,2.108889,100000,60,1,47418.33259123643
5,16,2000,4.222351,200000,60,2,47366.976359852604
5,16,2000,4.287828000000001,200000,70,3,46643.66201256206
5,16,2000,6.447524,300000,70,4,46529.489459829856
5,16,2000,6.279060000000001,300000,50,5,47777.852098881034
5,16,2000,8.644238999999999,400000,60,6,46273.59331457634
7,16,3000,3.091386,150000,60,0,48521.9251170834
7,16,3000,3.199441,150000,110,1,46883.18990723692
7,16,3000,6.250615999999999,300000,70,2,47995.26958622959
7,16,3000,6.390179000000002,300000,70,3,46947.04170258766
7,16,3000,9.417635999999998,450000,60,4,47782.6919621867
7,16,3000,9.483635000000003,450000,60,5,47450.16019701305
7,16,3000,12.511076999999997,600000,50,6,47957.501980045374
12,16,3000,3.504305,150000,60,0,42804.49333034653
12,16,3000,3.199365,150000,60,1,46884.30360399642
12,16,3000,6.664826999999999,300000,120,2,45012.421177623975
12,16,3000,6.387074000000002,300000,70,3,46969.86444810251
12,16,3000,9.833762999999998,450000,60,4,45760.71235395851
12,16,3000,9.480690000000003,450000,60,5,47464.8997066669
12,16,3000,12.924398999999998,600000,50,6,46423.822105770654
6,16,3000,2.552687,150000,60,0,58761.6108046149
6,16,3000,3.1999210000000002,150000,60,1,46876.15725513223
6,16,3000,5.712023,300000,60,2,52520.79692256141
6,16,3000,6.388767999999999,300000,70,3,46957.41025499753
6,16,3000,8.880962,450000,70,4,50670.18640548175
6,16,3000,9.483483,450000,50,5,47450.92072184871
6,16,3000,11.973818999999999,600000,60,6,50109.32602204861
1,16,3000,3.427103,150000,61,0,43768.74578908192
1,16,3000,3.201727,150000,61,1,46849.715794007425
1,16,3000,6.585013,300000,67,2,45557.99662050781
1,16,3000,6.3915880000000005,300000,70,3,46936.692415093086
1,16,3000,9.752683,450000,113,4,46141.149056111026
1,16,3000,9.486303000000001,450000,58,5,47436.81495309605
1,16,3000,12.843480999999999,600000,58,6,46716.30689530355
0,16,3000,2.821332,150000,60,0,53166.37673269222
0,16,3000,3.184209,150000,60,1,47107.460596964585
0,16,3000,5.979824,300000,60,2,50168.700617275696
0,16,3000,6.373629,300000,70,3,47068.94612158944
0,16,3000,9.14865,450000,70,4,49187.585053532486
0,16,3000,9.467018,450000,50,5,47533.44717417882
0,16,3000,12.238501,600000,60,6,49025.61187844819
3,16,3000,2.717,150000,60,0,55207.949944792046
3,16,3000,3.2002409999999997,150000,60,1,46871.4699924162
3,16,3000,5.875926,300000,60,2,51055.78252687321
3,16,3000,6.3913329999999995,300000,70,3,46938.56508493612
3,16,3000,9.042829000000001,450000,70,4,49763.188046572584
3,16,3000,9.484513,450000,50,5,47445.767642471474
3,16,3000,12.13354,600000,60,6,49449.707175317344
15,16,3000,2.547521,150000,60,0,58880.77075713998
15,16,3000,3.199544,150000,60,1,46881.680639491125
15,16,3000,5.707507,300000,60,2,52562.35340578645
15,16,3000,6.387912,300000,70,3,46963.70269346228
15,16,3000,8.878084,450000,70,4,50686.612111351955
15,16,3000,9.484582999999999,450000,100,5,47445.41747380987
15,16,3000,11.964875000000001,600000,60,6,50146.78381512552
11,16,3000,2.794971,150000,60,0,53667.81980922163
11,16,3000,3.1994080000000005,150000,60,1,46883.673479593715
11,16,3000,5.954330000000001,300000,60,2,50383.502425965635
11,16,3000,6.388202999999999,300000,70,3,46961.563369229196
11,16,3000,9.123297,450000,70,4,49324.27388914336
11,16,3000,9.482658999999998,450000,50,5,47455.043991353064
11,16,3000,12.213098000000002,600000,110,6,49127.58417233694
10,16,3000,3.151759,150000,60,0,47592.471378680915
10,16,3000,3.2002629999999996,150000,60,1,46871.147777542035
10,16,3000,6.3127949999999995,300000,60,2,47522.53162030448
10,16,3000,6.388433000000001,300000,70,3,46959.87263230278
10,16,3000,9.482199999999999,450000,70,4,47457.341123368
10,16,3000,9.479841,450000,50,5,47469.15059018395
10,16,3000,12.573045,600000,60,6,47721.136765198884
2,16,3000,2.870014,150000,110,0,52264.5534133283
2,16,3000,3.200083,150000,61,1,46873.784211222024
2,16,3000,6.028861000000001,300000,67,2,49760.643013663765
2,16,3000,6.389339,300000,70,3,46953.213783147214
2,16,3000,9.198402,450000,61,4,48921.54093721932
2,16,3000,9.482677,450000,58,5,47454.95391227603
2,16,3000,12.289453,600000,58,6,48822.35197937614
13,16,3000,3.107621,150000,61,0,48268.43427818257
13,16,3000,3.199921,150000,61,1,46876.15725513224
13,16,3000,6.26585,300000,67,2,47878.57992131953
13,16,3000,6.3895230000000005,300000,70,3,46951.86166479094
13,16,3000,9.43454,450000,61,4,47697.07903088015
13,16,3000,9.483846000000002,450000,58,5,47449.10450886696
13,16,3000,12.528690999999997,600000,58,6,47890.0788597947
14,16,3000,2.685786,150000,60,0,55849.57252737188
14,16,3000,3.202759,150000,60,1,46834.61977626166
14,16,3000,5.836591,300000,60,2,51399.86680581181
14,16,3000,6.392011,300000,70,3,46933.58631579326
14,16,3000,9.007048,450000,70,4,49960.875083601204
14,16,3000,9.488315000000002,450000,50,5,47426.7559624654
14,16,3000,12.093509999999997,600000,60,6,49613.38767653065
9,16,3000,3.459899,150000,61,0,43353.86668801604
9,16,3000,3.2003579999999996,150000,61,1,46869.75644599761
9,16,3000,6.618257,300000,67,2,45329.155395446265
9,16,3000,6.389396,300000,70,3,46952.79491206994
9,16,3000,9.78945,450000,61,4,45967.853148031805
9,16,3000,9.482131,450000,58,5,47457.686463095684
9,16,3000,12.878565999999998,600000,58,6,46589.03794102543
8,16,3000,2.916598,150000,60,0,51429.782232587415
8,16,3000,3.199716,150000,60,1,46879.160525496634
8,16,3000,6.075417,300000,60,2,49379.32655486858
8,16,3000,6.388911,300000,130,3,46956.359229295886
8,16,3000,9.248871,450000,60,4,48654.5871382572
8,16,3000,9.483579,450000,60,5,47450.44038753723
8,16,3000,12.333881,600000,50,6,48646.48848160607
4,16,3000,3.223203,150000,60,0,46537.55906779685
4,16,3000,3.19632,150000,60,1,46928.968313560596
4,16,3000,6.382237,300000,60,2,47005.46219139151
4,16,3000,6.385389,300000,70,3,46982.259029167995
4,16,3000,9.55092,450000,70,4,47115.87993617369
4,16,3000,9.479585000000002,450000,50,5,47470.43251365961
4,16,3000,12.642317999999998,600000,60,6,47459.65099121855
5,16,3000,2.952646,150000,60,0,50801.89091411568
5,16,3000,3.2069759999999996,150000,60,1,46773.034784170515
5,16,3000,6.104528,300000,60,2,49143.848631704204
5,16,3000,6.3956479999999996,300000,70,3,46906.89668974903
5,16,3000,9.272193,450000,70,4,48532.20807634181
5,16,3000,9.492868,450000,50,5,47404.00898864285
5,16,3000,12.360127,600000,60,6,48543.19053517815
7,16,4000,4.262617,200000,60,0,46919.53323509947
7,16,4000,3.8452100000000007,200000,100,1,52012.76393226897
7,16,4000,7.957397999999999,400000,70,2,50267.68800555157
7,16,4000,7.711539000000001,400000,70,3,51870.320567658404
7,16,4000,11.783376999999998,600000,60,4,50919.18895576371
7,16,4000,11.589324000000001,600000,60,5,51771.78582633464
7,16,4000,15.627642999999999,800000,60,6,51191.34088230708
12,16,4000,4.583901,200000,60,0,43630.95974367684
12,16,4000,3.8448909999999996,200000,60,1,52017.079287813365
12,16,4000,8.279088999999999,400000,120,2,48314.494505373725
12,16,4000,7.712015000000001,400000,70,3,51867.11903438984
12,16,4000,12.103145999999999,600000,60,4,49573.88764871547
12,16,4000,11.590316000000001,600000,60,5,51767.3547468421
12,16,4000,15.947778999999997,800000,50,6,50163.72499267767
6,16,4000,3.72839,200000,60,0,53642.45693181239
6,16,4000,3.8546899999999997,200000,60,1,51884.84677107628
6,16,4000,7.412106,400000,60,2,53965.76897308269
6,16,4000,7.721373,400000,70,3,51804.25812870327
6,16,4000,11.238005999999999,600000,70,4,53390.25446329181
6,16,4000,11.600363000000002,600000,50,5,51722.51937288514
6,16,4000,15.081965999999998,800000,60,6,53043.48252741056
1,16,4000,4.373535,200000,61,0,45729.59859701591
1,16,4000,3.8587049999999987,200000,61,1,51830.86035340874
1,16,4000,8.053236000000002,400000,67,2,49669.47448205913
1,16,4000,7.733601999999998,400000,70,3,51722.34102556611
1,16,4000,11.870743000000001,600000,113,4,50544.4351714126
1,16,4000,11.612555999999998,600000,58,5,51668.21154619191
1,16,4000,15.712340000000001,800000,58,6,50915.395160746266
0,16,4000,3.919317,200000,60,0,51029.29923759676
0,16,4000,3.8298330000000003,200000,60,1,52221.59817412404
0,16,4000,7.61397,400000,60,2,52535.011301594306
0,16,4000,7.696021999999999,400000,70,3,51974.90339814518
0,16,4000,11.438874000000002,600000,70,4,52452.71518857537
0,16,4000,11.575899999999997,600000,50,5,51831.8230116017
0,16,4000,15.280675000000002,800000,60,6,52353.708196791034
3,16,4000,3.814464,200000,60,0,52432.00617439305
3,16,4000,3.8447329999999997,200000,60,1,52019.21693912165
3,16,4000,7.509357,400000,60,2,53266.877576868435
3,16,4000,7.714338,400000,70,3,51851.50041390461
3,16,4000,11.331819999999999,600000,70,4,52948.246618813224
3,16,4000,11.592698,600000,50,5,51756.71789259066
3,16,4000,15.174085,800000,60,6,52721.46557766086
15,16,4000,3.638252,200000,60,0,54971.4533242887
15,16,4000,3.8491009999999997,200000,60,1,51960.1849886506
15,16,4000,7.328636000000001,400000,60,2,54580.41578269134
15,16,4000,7.715180999999999,400000,70,3,51845.83485468455
15,16,4000,11.154069999999999,600000,70,4,53792.02389800316
15,16,4000,11.594247000000001,600000,100,5,51749.80315668624
15,16,4000,14.996325,800000,60,6,53346.40320211785
11,16,4000,3.908481,200000,60,0,51170.77452851888
11,16,4000,3.8449549999999997,200000,60,1,52016.21345373353
11,16,4000,7.602956,400000,60,2,52611.11599225354
11,16,4000,7.714916,400000,70,3,51847.61570962017
11,16,4000,11.425292000000002,600000,70,4,52515.06919910667
11,16,4000,11.594316,600000,50,5,51749.49518367449
11,16,4000,15.268061,800000,110,6,52396.96121203603
10,16,4000,4.231094,200000,60,0,47269.098724821524
10,16,4000,3.8452209999999996,200000,60,1,52012.61513967598
10,16,4000,7.925440000000001,400000,60,2,50470.383978681304
10,16,4000,7.711480999999998,400000,70,3,51870.710697465256
10,16,4000,11.750738000000002,600000,70,4,51060.62274556712
10,16,4000,11.590608999999997,600000,50,5,51766.046115437086
10,16,4000,15.593296000000002,800000,60,6,51304.09888967669
2,16,4000,4.16431,200000,110,0,48027.16416405118
2,16,4000,3.844052999999999,200000,61,1,52028.41896300599
2,16,4000,7.857687,400000,67,2,50905.56546729336
2,16,4000,7.710891,400000,70,3,51874.67959279933
2,16,4000,11.68197,600000,61,4,51361.200208526476
2,16,4000,11.590990000000001,600000,58,5,51764.34454692825
2,16,4000,15.525209999999998,800000,58,6,51529.09364833069
13,16,4000,4.136687,200000,61,0,48347.86871716424
13,16,4000,3.8445929999999997,200000,61,1,52021.11120735017
13,16,4000,7.8308599999999995,400000,67,2,51079.95801227452
13,16,4000,7.710489000000001,400000,70,3,51877.38417109472
13,16,4000,11.65754,600000,61,4,51468.83476273726
13,16,4000,11.588406,600000,58,5,51775.88703744069
13,16,4000,15.500155999999999,800000,58,6,51612.383772137524
14,16,4000,3.775905,200000,60,0,52967.43429720822
14,16,4000,3.8447200000000006,200000,60,1,52019.39282964689
14,16,4000,7.471439,400000,60,2,53537.21016794757
14,16,4000,7.710099,400000,70,3,51880.00828523732
14,16,4000,11.297585000000002,600000,70,4,53108.69535391855
14,16,4000,11.589071999999998,600000,50,5,51772.911584292524
14,16,4000,15.139523,800000,60,6,52841.82335203031
9,16,4000,4.617438,200000,61,0,43314.06290674612
9,16,4000,3.844639000000001,200000,61,1,52020.488789714705
9,16,4000,8.312308999999999,400000,67,2,48121.406458783
9,16,4000,7.713253000000002,400000,70,3,51858.794207839404
9,16,4000,12.134841999999999,600000,61,4,49444.40150106611
9,16,4000,11.594864000000001,600000,58,5,51747.049383244164
9,16,4000,15.976817999999998,800000,58,6,50072.54886423567
8,16,4000,4.063419,200000,60,0,49219.63499210887
8,16,4000,3.8461440000000007,200000,60,1,52000.133120340775
8,16,4000,7.755160999999999,400000,60,2,51578.555235668224
8,16,4000,7.712398,400000,130,3,51864.5432976877
8,16,4000,11.580945,600000,60,4,51809.243546187296
8,16,4000,11.591128000000001,600000,60,5,51763.7282583714
8,16,4000,15.423192,800000,50,6,51869.93716994511
4,16,4000,4.415334,200000,60,0,45296.68650208569
4,16,4000,3.846133,200000,60,1,52000.28184152758
4,16,4000,8.109022,400000,60,2,49327.773435563504
4,16,4000,7.712055000000001,400000,70,3,51866.850015981465
4,16,4000,11.936441999999998,600000,70,4,50266.235114282805
4,16,4000,11.589238000000003,600000,50,5,51772.17000807127
4,16,4000,15.780716999999997,800000,60,6,50694.78148553074
5,16,4000,3.941386,200000,60,0,50743.570916423814
5,16,4000,3.8444030000000002,200000,60,1,52023.68222062047
5,16,4000,7.636244,400000,60,2,52381.77302872983
5,16,4000,7.710457,400000,70,3,51877.599473027345
5,16,4000,11.464963,600000,70,4,52333.356854269834
5,16,4000,11.588468,600000,50,5,51775.61002886663
5,16,4000,15.304502999999999,800000,60,6,52272.197274227074
7,16,5000,5.258266,250000,60,0,47544.19042323078
7,16,5000,4.37226,250000,110,1,57178.66732536491
7,16,5000,9.616842000000002,500000,70,2,51992.1196584076
7,16,5000,8.730789999999999,500000,70,3,57268.586233319096
7,16,5000,13.951454000000002,750000,60,4,53757.837713545836
7,16,5000,13.143306999999997,750000,60,5,57063.26421501074
7,16,5000,18.360294000000003,1000000,50,6,54465.35877911322
12,16,5000,4.44441,250000,60,0,56250.43594087854
12,16,5000,4.372381,250000,60,1,57177.08497955691
12,16,5000,8.803370999999999,500000,120,2,56796.42491495588
12,16,5000,8.731137,500000,70,3,57266.310218245344
12,16,5000,13.137246000000001,750000,60,4,57089.59092339444
12,16,5000,13.144023,750000,60,5,57060.15578335491
12,16,5000,17.545806,1000000,50,6,56993.677007485436
6,16,5000,4.479347,250000,60,0,55811.70648311015
6,16,5000,4.372802000000001,250000,60,1,57171.58014472184
6,16,5000,8.837944999999998,500000,60,2,56574.237563143935
6,16,5000,8.730506000000002,500000,70,3,57270.449158387826
6,16,5000,13.173231999999999,750000,70,4,56933.63633161551
6,16,5000,13.143047000000003,750000,50,5,57064.39305893069
6,16,5000,17.585798999999998,1000000,60,6,56864.06400982976
1,16,5000,5.218645,250000,61,0,47905.15545701997
1,16,5000,4.369665999999999,250000,61,1,57212.610757893184
1,16,5000,9.574373000000001,500000,67,2,52222.74085206414
1,16,5000,8.729236,500000,70,3,57278.78132748387
1,16,5000,13.907855999999999,750000,113,4,53926.35644199941
1,16,5000,13.141867000000001,750000,58,5,57069.51683501286
1,16,5000,18.317256999999998,1000000,58,6,54593.32693754311
0,16,5000,4.712373,250000,60,0,53051.82760362984
0,16,5000,4.3584380000000005,250000,60,1,57359.99915566081
0,16,5000,9.070518,500000,60,2,55123.643434696896
0,16,5000,8.717589,500000,70,3,57355.30775768392
0,16,5000,13.411347,750000,70,4,55922.7943322919
0,16,5000,13.123380000000001,750000,50,5,57149.91107473836
0,16,5000,17.82012,1000000,60,6,56116.34489554504
3,16,5000,4.527394,250000,60,0,55219.40436374656
3,16,5000,4.372307,250000,60,1,57178.05268477259
3,16,5000,8.886716,500000,60,2,56263.75367458575
3,16,5000,8.73472,500000,70,3,57242.81946072685
3,16,5000,13.216617,750000,70,4,56746.74540391085
3,16,5000,13.147117999999999,750000,50,5,57046.72309170725
3,16,5000,17.625373,1000000,60,6,56736.38793346388
15,16,5000,4.448157,250000,60,0,56203.052185433204
15,16,5000,4.3741900000000005,250000,60,1,57153.43869379244
15,16,5000,8.804454999999999,500000,60,2,56789.4321681467
15,16,5000,8.733752,500000,70,3,57249.163933209915
15,16,5000,13.138319999999998,750000,70,4,57084.92409988492
15,16,5000,13.147321,750000,110,5,57045.842267029155
15,16,5000,17.546961000000003,1000000,50,6,56989.9254919413
11,16,5000,4.738886,250000,60,0,52755.01457515543
11,16,5000,4.3720989999999995,250000,60,1,57180.77289649663
11,16,5000,9.097750000000001,500000,60,2,54958.64362067544
11,16,5000,8.729810999999998,500000,70,3,57275.00858838755
11,16,5000,13.439114000000004,750000,70,4,55807.25038867888
11,16,5000,13.136092999999995,750000,50,5,57094.60187287044
11,16,5000,17.847764000000005,1000000,110,6,56029.42755182104
10,16,5000,5.241973,250000,60,0,47691.96636457303
10,16,5000,4.372272000000001,250000,60,1,57178.51039459575
10,16,5000,9.600674,500000,60,2,52079.67690601722
10,16,5000,8.730611999999999,500000,70,3,57269.75382710858
10,16,5000,13.935337000000002,750000,70,4,53820.01167248412
10,16,5000,13.144333999999999,750000,50,5,57058.80571811398
10,16,5000,18.343298000000004,1000000,60,6,54515.823708473785
2,16,5000,4.919297,250000,110,0,50820.26964421949
2,16,5000,4.372418,250000,61,1,57176.60113923235
2,16,5000,9.277631,500000,67,2,53893.06817656361
2,16,5000,8.738324000000002,500000,70,3,57219.21045729134
2,16,5000,13.605037,750000,61,4,55126.64169895312
2,16,5000,13.150951,750000,58,5,57030.09615046091
2,16,5000,18.016186,1000000,58,6,55505.643647329125
13,16,5000,5.1051,250000,61,0,48970.63720593132
13,16,5000,4.373201999999999,250000,61,1,57166.350879744416
13,16,5000,9.462705000000001,500000,67,2,52839.01379151098
13,16,5000,8.731297999999997,500000,70,3,57265.25426116485
13,16,5000,13.797939000000001,750000,61,4,54355.94402903216
13,16,5000,13.144571999999998,750000,58,5,57057.772592367415
13,16,5000,18.2057,1000000,58,6,54927.85226604855
14,16,5000,4.703653,250000,60,0,53150.17923303441
14,16,5000,4.372029,250000,60,1,57181.688410575494
14,16,5000,9.058737,500000,60,2,55195.332417753154
14,16,5000,8.729959999999998,500000,70,3,57274.031037942914
14,16,5000,13.395839000000002,750000,70,4,55987.534636688295
14,16,5000,13.140369999999997,750000,50,5,57076.018407396456
14,16,5000,17.804629000000002,1000000,60,6,56165.16918156508
9,16,5000,4.482986,250000,61,0,55766.40212572602
9,16,5000,4.365689999999999,250000,61,1,57264.71645948294
9,16,5000,8.841668,500000,67,2,56550.41560031433
9,16,5000,8.723915,500000,70,3,57313.717522465544
9,16,5000,13.176768999999998,750000,61,4,56918.35380888897
9,16,5000,13.135900000000001,750000,58,5,57095.44073873887
9,16,5000,17.588254999999997,1000000,58,6,56856.123589292976
8,16,5000,4.702801,250000,60,0,53159.80837802833
8,16,5000,4.372231,250000,60,1,57179.04657828005
8,16,5000,9.062983,500000,60,2,55169.47345040811
8,16,5000,8.728969,500000,130,3,57280.53335966711
8,16,5000,13.404233000000001,750000,60,4,55952.474117691025
8,16,5000,13.135266999999999,750000,60,5,57098.19221794274
8,16,5000,17.813635,1000000,50,6,56136.77388135548
4,16,5000,5.129378,250000,60,0,48738.85293694479
4,16,5000,4.372381,250000,60,1,57177.08497955691
4,16,5000,9.487431,500000,60,2,52701.30554836182
4,16,5000,8.730695,500000,70,3,57269.20938138372
4,16,5000,13.822755,750000,70,4,54258.35877146053
4,16,5000,13.143099,750000,50,5,57064.16728657374
4,16,5000,18.234891,1000000,60,6,54839.92199350135
5,16,5000,4.767332,250000,60,0,52440.23281785284
5,16,5000,4.374735000000001,250000,60,1,57146.318577010934
5,16,5000,9.123118999999999,500000,60,2,54805.81805411066
5,16,5000,8.733278000000002,500000,70,3,57252.27114034385
5,16,5000,13.457753999999998,750000,70,4,55729.95315563059
5,16,5000,13.148680000000002,750000,50,5,57039.94621513337
5,16,5000,17.864126999999996,1000000,60,6,55978.10629089237
20,32,1000,1.62291,50000,60,0,30808.855697481682
20,32,1000,1.573743,50000,60,1,31771.388339773395
20,32,1000,3.2876110000000005,100000,60,2,30417.22393555685
20,32,1000,3.2377029999999993,100000,70,3,30886.09424644571
20,32,1000,4.934267999999999,150000,70,4,30399.645904924502
20,32,1000,4.879457,150000,50,5,30741.125498185553
20,32,1000,6.583371999999999,200000,60,6,30379.568403547608
7,32,1000,2.037281,50000,61,0,24542.51524458334
7,32,1000,1.5724769999999997,50000,61,1,31796.96745961945
7,32,1000,3.70853,100000,67,2,26964.86208821285
7,32,1000,3.2434429999999996,100000,70,3,30831.434373904525
7,32,1000,5.341526,150000,61,4,28081.86274858533
7,32,1000,4.889414,150000,58,5,30678.523029549142
7,32,1000,7.004123,200000,58,6,28554.609906193822
30,32,1000,1.965272,50000,60,0,25441.770910082676
30,32,1000,1.5771470000000003,50000,110,1,31702.815273401902
30,32,1000,3.629594,100000,70,2,27551.290860630692
30,32,1000,3.241454,100000,70,3,30850.3529588882
30,32,1000,5.2789980000000005,150000,60,4,28414.483203062395
30,32,1000,4.881332,150000,60,5,30729.31732568078
30,32,1000,6.924107,200000,50,6,28884.59118266081
12,32,1000,1.570477,50000,60,0,31837.460847882525
12,32,1000,1.57321,50000,60,1,31782.15241449012
12,32,1000,3.239468,100000,120,2,30869.266188151883
12,32,1000,3.234424,100000,70,3,30917.406004902263
12,32,1000,4.883944999999999,150000,60,4,30712.876578257954
12,32,1000,4.869064000000002,150000,60,5,30806.742322549046
12,32,1000,6.537355999999999,200000,50,6,30593.408099543612
28,32,1000,1.601506,50000,60,0,31220.613597451396
28,32,1000,1.5911629999999999,50000,60,1,31423.556228997284
28,32,1000,3.2495130000000003,100000,60,2,30773.842111110185
28,32,1000,3.258121,100000,70,3,30692.53720165703
28,32,1000,4.895859000000001,150000,70,4,30638.1372502762
28,32,1000,4.889855999999999,150000,50,5,30675.749960735047
28,32,1000,6.550741000000001,200000,60,6,30530.89719163068
25,32,1000,1.639473,50000,61,0,30497.60502307754
25,32,1000,1.576932,50000,61,1,31707.137657172283
25,32,1000,3.303248,100000,67,2,30273.234101708378
25,32,1000,3.2452319999999997,100000,70,3,30814.437920000793
25,32,1000,4.956761,150000,113,4,30261.697104217856
25,32,1000,4.867668999999999,150000,58,5,30815.571066972716
25,32,1000,6.613029000000001,200000,58,6,30243.327225693396
23,32,1000,2.397345,50000,60,0,20856.40573217455
23,32,1000,1.577099,50000,60,1,31703.780168524612
23,32,1000,4.061353,100000,60,2,24622.336447976817
23,32,1000,3.2421799999999994,100000,70,3,30843.444842667595
23,32,1000,5.707454,150000,70,4,26281.420752580747
23,32,1000,4.889462,150000,50,5,30678.2218575377
23,32,1000,7.3485879999999995,200000,60,6,27216.112809698952
26,32,1000,2.357189,50000,60,0,21211.70597690724
26,32,1000,1.5678779999999999,50000,60,1,31890.236357675793
26,32,1000,4.018559,100000,60,2,24884.541946503712
26,32,1000,3.2366960000000002,100000,70,3,30895.70351988571
26,32,1000,5.666468,150000,70,4,26471.516295512476
26,32,1000,4.861217,150000,50,5,30856.470715049338
26,32,1000,7.326281,200000,60,6,27298.98020564595
6,32,1000,2.490175,50000,60,0,20078.910116758863
6,32,1000,1.5778410000000003,50000,60,1,31688.871058617435
6,32,1000,4.154773,100000,60,2,24068.703633146746
6,32,1000,3.243501,100000,70,3,30830.88304890302
6,32,1000,5.799239999999999,150000,70,4,25865.458232458048
6,32,1000,4.875783,150000,110,5,30764.28955103211
6,32,1000,7.455508999999999,200000,50,6,26825.80089434538
1,32,1000,2.183465,50000,60,0,22899.382403656575
1,32,1000,1.5837279999999998,50000,60,1,31571.07786185507
1,32,1000,3.8459260000000004,100000,60,2,26001.54033124922
1,32,1000,3.2438659999999997,100000,70,3,30827.413956063538
1,32,1000,5.49219,150000,70,4,27311.509616382536
1,32,1000,4.883939000000001,150000,50,5,30712.9143095358
1,32,1000,7.141493999999999,200000,110,6,28005.34453995201
0,32,1000,2.414873,50000,61,0,20705.02258296813
0,32,1000,1.5800329999999998,50000,61,1,31644.90868228702
0,32,1000,4.076846,100000,67,2,24528.76561930473
0,32,1000,3.243925,100000,70,3,30826.85327188514
0,32,1000,5.722703999999999,150000,61,4,26211.385387047805
0,32,1000,4.8763320000000006,150000,58,5,30760.82596509015
0,32,1000,7.382072,200000,58,6,27092.664498531034
3,32,1000,1.569912,50000,60,0,31848.91892029617
3,32,1000,1.5770910000000002,50000,60,1,31703.940990088708
3,32,1000,3.2339339999999996,100000,60,2,30922.09055596064
3,32,1000,3.2486820000000005,100000,70,3,30781.713938144756
3,32,1000,4.879261,150000,70,4,30742.36036973632
3,32,1000,4.875547000000001,150000,50,5,30765.7786910884
3,32,1000,6.535378,200000,60,6,30602.667512116364
15,32,1000,2.401389,50000,60,0,20821.283015787947
15,32,1000,1.567895,50000,60,1,31889.8905857854
15,32,1000,4.065163,100000,60,2,24599.259611484213
15,32,1000,3.232284,100000,70,3,30937.875508463985
15,32,1000,5.711964999999999,150000,70,4,26260.665112618866
15,32,1000,4.87035,150000,50,5,30798.607902922788
15,32,1000,7.374468,200000,60,6,27120.600428397003
16,32,1000,2.146876,50000,60,0,23289.654362897534
16,32,1000,1.5757960000000004,50000,60,1,31729.99550703263
16,32,1000,3.8107889999999998,100000,60,2,26241.284941254948
16,32,1000,3.240729,100000,70,3,30857.25464856827
16,32,1000,5.462785,150000,70,4,27458.52161489057
16,32,1000,4.867455,150000,50,5,30816.92588837493
16,32,1000,7.13143,200000,60,6,28044.86617690982
11,32,1000,1.941029,50000,113,0,25759.532701469172
11,32,1000,1.5720490000000003,50000,61,1,31805.62437939275
11,32,1000,3.6048999999999993,100000,67,2,27740.020527615197
11,32,1000,3.2378240000000003,100000,70,3,30884.940009092523
11,32,1000,5.250833999999999,150000,61,4,28566.89051682076
11,32,1000,4.869596000000001,150000,58,5,30803.376707225805
11,32,1000,6.908689999999998,200000,58,6,28949.048227666903
10,32,1000,2.329969,50000,61,0,21459.512980644806
10,32,1000,1.5774559999999997,50000,61,1,31696.605166800222
10,32,1000,3.9952170000000002,100000,67,2,25029.929538245357
10,32,1000,3.240654,100000,70,3,30857.968792719
10,32,1000,5.64177,150000,61,4,26587.400762526653
10,32,1000,4.8737129999999995,150000,58,5,30777.35599121245
10,32,1000,7.296867,200000,58,6,27409.023626167233
17,32,1000,1.767917,50000,60,0,28281.870698680992
17,32,1000,1.577409,50000,60,1,31697.549589231454
17,32,1000,3.4291779999999994,100000,60,2,29161.507509963034
17,32,1000,3.2427610000000007,100000,70,3,30837.91867485762
17,32,1000,5.078727,150000,70,4,29534.960237083033
17,32,1000,4.879799000000001,150000,50,5,30738.971010896137
17,32,1000,6.727033999999999,200000,60,6,29730.784770821738
2,32,1000,1.817412,50000,60,0,27511.648431946087
2,32,1000,1.5816149999999998,50000,60,1,31613.256070535503
2,32,1000,3.473054,100000,70,2,28793.10255469682
2,32,1000,3.247291,100000,60,3,30794.89950238522
2,32,1000,5.117913,150000,70,4,29308.8217795027
2,32,1000,4.881815,150000,50,5,30726.277009677757
2,32,1000,6.776540000000001,200000,60,6,29513.586579581908
13,32,1000,2.066802,50000,60,0,24191.96420363441
13,32,1000,1.5787269999999998,50000,60,1,31671.086894694276
13,32,1000,3.7276540000000002,100000,60,2,26826.524135555497
13,32,1000,3.246149,100000,70,3,30805.733193393156
13,32,1000,5.374123,150000,70,4,27911.530867455025
13,32,1000,4.876561,150000,50,5,30759.381457547646
13,32,1000,7.03785,200000,60,6,28417.769631350486
21,32,1000,2.212229,50000,61,0,22601.63843797365
21,32,1000,1.5811580000000003,50000,61,1,31622.393208015892
21,32,1000,3.8750519999999993,100000,67,2,25806.10531161905
21,32,1000,3.2468830000000004,100000,70,3,30798.769157989365
21,32,1000,5.517671,150000,61,4,27185.383108199094
21,32,1000,4.879364000000001,150000,58,5,30741.711419766998
21,32,1000,7.187173,200000,58,6,27827.352980093845
14,32,1000,1.919985,50000,61,0,26041.87011877697
14,32,1000,1.577455,50000,61,1,31696.625260308534
14,32,1000,3.585532,100000,67,2,27889.864042490764
14,32,1000,3.2398919999999998,100000,70,3,30865.226371743258
14,32,1000,5.23235,150000,61,4,28667.80700832322
14,32,1000,4.872211,150000,58,5,30786.844001624722
14,32,1000,6.888327,200000,58,6,29034.62625975799
9,32,1000,1.608576,50000,60,0,31083.39301344792
9,32,1000,1.5675169999999998,50000,60,1,31897.580696094527
9,32,1000,3.2763030000000004,100000,60,2,30522.207500344135
9,32,1000,3.2278269999999996,100000,70,3,30980.59468490722
9,32,1000,4.926483000000001,150000,70,4,30447.684484042667
9,32,1000,4.861993999999999,150000,50,5,30851.539512389365
9,32,1000,6.576961000000001,200000,60,6,30409.1813833167
22,32,1000,1.75094,50000,60,0,28556.089871726046
22,32,1000,1.579564,50000,60,1,31654.304605574704
22,32,1000,3.4121460000000003,100000,60,2,29307.06950992132
22,32,1000,3.2441859999999996,100000,70,3,30824.37320178313
22,32,1000,5.063255000000002,150000,70,4,29625.211449946713
22,32,1000,4.877436999999999,150000,50,5,30753.856994975034
22,32,1000,6.713986000000002,200000,60,6,29788.563753335195
8,32,1000,1.957523,50000,60,0,25542.48404744159
8,32,1000,1.581392,50000,60,1,31617.71401398262
8,32,1000,3.617019,100000,60,2,27647.076224924447
8,32,1000,3.24848,100000,130,3,30783.628035265727
8,32,1000,5.261549,150000,60,4,28508.71482903609
8,32,1000,4.883499,150000,60,5,30715.681522613195
8,32,1000,6.918396,200000,50,6,28908.43484530229
19,32,1000,1.876335,50000,60,0,26647.693508888337
19,32,1000,1.5741290000000001,50000,60,1,31763.597519644194
19,32,1000,3.5443860000000003,100000,60,2,28213.631359564108
19,32,1000,3.234095,100000,70,3,30920.551189745507
19,32,1000,5.198247,150000,70,4,28855.881607780466
19,32,1000,4.862238999999999,150000,50,5,30849.984955490676
19,32,1000,6.854376,200000,60,6,29178.440167274162
4,32,1000,2.254254,50000,60,0,22180.286693513684
4,32,1000,1.578245,50000,60,1,31680.75932443949
4,32,1000,3.916842,100000,60,2,25530.771984164796
4,32,1000,3.243486,100000,70,3,30831.02563106485
4,32,1000,5.564227,150000,70,4,26957.922457153527
4,32,1000,4.874201,150000,50,5,30774.274593928316
4,32,1000,7.222119,200000,60,6,27692.70348494673
27,32,1000,2.121015,50000,60,0,23573.61923418741
27,32,1000,1.5829430000000002,50000,60,1,31586.734329663162
27,32,1000,3.7862349999999996,100000,60,2,26411.461517840286
27,32,1000,3.2444880000000005,100000,70,3,30821.504040082746
27,32,1000,5.428547999999999,150000,70,4,27631.698199960658
27,32,1000,4.8786190000000005,150000,50,5,30746.405898882447
27,32,1000,7.101156,200000,60,6,28164.428439538577
29,32,1000,2.308131,50000,60,0,21662.548616174732
29,32,1000,1.577524,50000,60,1,31695.238867998207
29,32,1000,3.9713290000000003,100000,60,2,25180.48743883974
29,32,1000,3.2430999999999996,100000,70,3,30834.69519903796
29,32,1000,5.616768,150000,70,4,26705.749641074723
29,32,1000,4.889009,150000,50,5,30681.064403849534
29,32,1000,7.260384999999999,200000,60,6,27546.74855396787
31,32,1000,1.566448,50000,60,0,31919.348743143724
31,32,1000,1.575058,50000,60,1,31744.862728864588
31,32,1000,3.2322879999999996,100000,60,2,30937.83722242573
31,32,1000,3.2378780000000003,100000,70,3,30884.424922742608
31,32,1000,4.87828,150000,70,4,30748.542519084593
31,32,1000,4.8719,150000,50,5,30788.80929411523
31,32,1000,6.548786,200000,60,6,30540.01153801636
18,32,1000,2.217569,50000,60,0,22547.212736108773
18,32,1000,1.5771979999999997,50000,60,1,31701.790136685446
18,32,1000,3.8814240000000004,100000,60,2,25763.740317986387
18,32,1000,3.241837,100000,70,3,30846.708208956836
18,32,1000,5.528395999999999,150000,70,4,27132.643898881342
18,32,1000,4.879292000000001,150000,50,5,30742.165051814885
18,32,1000,7.181019999999998,200000,60,6,27851.19662666307
5,32,1000,1.865768,50000,60,0,26798.61590508573
5,32,1000,1.5764529999999999,50000,60,1,31716.77176547604
5,32,1000,3.52935,100000,60,2,28333.8291753439
5,32,1000,3.249249,100000,70,3,30776.342471752705
5,32,1000,5.169049,150000,70,4,29018.877553685405
5,32,1000,4.881260999999999,150000,50,5,30729.764296561898
5,32,1000,6.824451000000001,200000,60,6,29306.38669689327
24,32,1000,1.927561,50000,61,0,25939.51631102725
24,32,1000,1.587757,50000,61,1,31490.96492725272
24,32,1000,3.575405,100000,67,2,27968.859471864027
24,32,1000,3.251952,100000,70,3,30750.761388851985
24,32,1000,5.222271,150000,61,4,28723.135969006587
24,32,1000,4.9016709999999994,150000,58,5,30601.80905654419
24,32,1000,6.872107000000001,200000,58,6,29103.155698827155
20,32,2000,2.53294,100000,60,0,39479.81397111657
20,32,2000,2.473263,100000,60,1,40432.41660915155
20,32,2000,5.102116,200000,60,2,39199.42235731215
20,32,2000,5.015116,200000,70,3,39879.436487610656
20,32,2000,7.638191,300000,70,4,39276.315556916554
20,32,2000,7.467944999999999,300000,50,5,40171.693819384054
20,32,2000,10.258365999999999,400000,60,6,38992.56470279965
7,32,2000,3.03499,100000,61,0,32949.037723353285
7,32,2000,2.47369,100000,61,1,40425.437302168015
7,32,2000,5.6036470000000005,200000,67,2,35691.041923233206
7,32,2000,5.022131999999999,200000,70,3,39823.72426690498
7,32,2000,8.135764,300000,61,4,36874.2259485403
7,32,2000,7.475531999999999,300000,58,5,40130.92312359843
7,32,2000,10.748127000000002,400000,58,6,37215.78652727121
30,32,2000,2.929238,100000,60,0,34138.57119155221
30,32,2000,2.4736460000000005,100000,110,1,40426.156369989876
30,32,2000,5.493806999999999,200000,70,2,36404.62797473592
30,32,2000,5.019877,200000,70,3,39841.61364909937
30,32,2000,8.033180000000002,300000,60,4,37345.11115149915
30,32,2000,7.473456999999998,300000,60,5,40142.06544575022
30,32,2000,10.649670000000002,400000,50,6,37559.849272324864
12,32,2000,3.287016,100000,60,0,30422.729916739074
12,32,2000,2.473321,100000,60,1,40431.468458804986
12,32,2000,5.852784999999999,200000,120,2,34171.766090843936
12,32,2000,5.026230000000002,200000,70,3,39791.25507587196
12,32,2000,8.391614999999998,300000,60,4,35749.97184689718
12,32,2000,7.468277000000002,300000,60,5,40169.9079988597
12,32,2000,11.012147999999998,400000,50,6,36323.52198680948
28,32,2000,2.69657,100000,60,0,37084.147639408584
28,32,2000,2.475755,100000,60,1,40391.718889793214
28,32,2000,5.260439,200000,60,2,38019.640566120055
28,32,2000,5.023277,200000,70,3,39814.646892855
28,32,2000,7.7942409999999995,300000,70,4,38489.95687970131
28,32,2000,7.475059,300000,50,5,40133.46249173418
28,32,2000,10.410653000000002,400000,60,6,38422.18158649606
25,32,2000,2.684816,100000,61,0,37246.50031883004
25,32,2000,2.4735989999999997,100000,61,1,40426.92449342032
25,32,2000,5.249744,200000,67,2,38097.09578219433
25,32,2000,5.020056,200000,70,3,39840.19301776713
25,32,2000,7.785387,300000,113,4,38533.729922481696
25,32,2000,7.474147,300000,58,5,40138.359601436794
25,32,2000,10.410448,400000,58,6,38422.93818671396
23,32,2000,3.27247,100000,60,0,30557.957750567613
23,32,2000,2.4715809999999996,100000,60,1,40459.9323267172
23,32,2000,5.837498000000001,200000,60,2,34261.253708352444
23,32,2000,5.015976999999999,200000,70,3,39872.59112232773
23,32,2000,8.374155000000002,300000,70,4,35824.51005504435
23,32,2000,7.469428999999998,300000,50,5,40163.712647914595
23,32,2000,10.99427,400000,60,6,36382.58838467675
26,32,2000,3.252183,100000,60,0,30748.57718646214
26,32,2000,2.4694879999999997,100000,60,1,40494.223903902355
26,32,2000,5.8187169999999995,200000,60,2,34371.83832793381
26,32,2000,5.013464000000001,200000,70,3,39892.5772679329
26,32,2000,8.355148,300000,70,4,35906.00669192216
26,32,2000,7.467798,300000,50,5,40172.484579791795
26,32,2000,10.968748,400000,60,6,36467.24311653436
6,32,2000,3.409391,100000,60,0,29330.7514450528
6,32,2000,2.4735470000000004,100000,60,1,40427.774366122816
6,32,2000,5.974797000000001,200000,60,2,33473.94062091147
6,32,2000,5.01966,200000,70,3,39843.33600283685
6,32,2000,8.510216,300000,70,4,35251.7491917949
6,32,2000,7.470352999999999,300000,110,5,40158.74484110725
6,32,2000,11.131534000000002,400000,50,6,35933.95124158089
1,32,2000,3.200843,100000,60,0,31241.769746282465
1,32,2000,2.4705690000000002,100000,60,1,40476.50561469847
1,32,2000,5.764130000000001,200000,60,2,34697.34374484961
1,32,2000,5.01692,200000,70,3,39865.09651339866
1,32,2000,8.299706,300000,70,4,36145.85866053568
1,32,2000,7.467867999999999,300000,50,5,40172.108023334105
1,32,2000,10.917056000000002,400000,110,6,36639.91464365484
0,32,2000,2.556834,100000,61,0,39110.86914520067
0,32,2000,2.473772,100000,61,1,40424.097289483434
0,32,2000,5.119573000000001,200000,67,2,39065.75802317888
0,32,2000,5.033788999999999,200000,70,3,39731.502452724984
0,32,2000,7.640651000000002,300000,61,4,39263.67007209201
0,32,2000,7.485880999999997,300000,58,5,40075.4433579695
0,32,2000,10.260387000000003,400000,58,6,38984.88429335072
3,32,2000,2.595086,100000,60,0,38534.3684178482
3,32,2000,2.4759880000000005,100000,60,1,40387.91787359227
3,32,2000,5.158609,200000,60,2,38770.141330734696
3,32,2000,5.02355,200000,70,3,39812.48320410865
3,32,2000,7.69159,300000,70,4,39003.639039522386
3,32,2000,7.484835,300000,50,5,40081.04387070657
3,32,2000,10.298489,400000,60,6,38840.64934185976
15,32,2000,3.235435,100000,60,0,30907.745017285157
15,32,2000,2.4803940000000004,100000,60,1,40316.175575331974
15,32,2000,5.794407999999999,200000,60,2,34516.03684103709
15,32,2000,5.028760000000002,200000,70,3,39771.23585138283
15,32,2000,8.325117999999998,300000,70,4,36035.52526222452
15,32,2000,7.4803380000000015,300000,50,5,40105.13963406465
15,32,2000,10.944293999999998,400000,60,6,36548.72575608807
16,32,2000,2.819063,100000,60,0,35472.77943061223
16,32,2000,2.477251,100000,60,1,40367.326524441814
16,32,2000,5.3831370000000005,200000,60,2,37153.05778024969
16,32,2000,5.023274999999999,200000,70,3,39814.662744922396
16,32,2000,7.920429000000001,300000,70,4,37876.7362222425
16,32,2000,7.470936999999998,300000,50,5,40155.60564892999
16,32,2000,10.546459000000002,400000,60,6,37927.421895823034
11,32,2000,2.472125,100000,113,0,40451.0289730495
11,32,2000,2.473421,100000,61,1,40429.83382125404
11,32,2000,5.038845,200000,67,2,39691.63568238356
11,32,2000,5.020405,200000,70,3,39837.42347479934
11,32,2000,7.5788150000000005,300000,61,4,39584.02467931992
11,32,2000,7.469199999999999,300000,58,5,40164.944036844645
11,32,2000,10.191872000000002,400000,58,6,39246.9607153622
10,32,2000,3.006391,100000,61,0,33262.473177973196
10,32,2000,2.4731570000000005,100000,61,1,40434.149550554204
10,32,2000,5.571256,200000,67,2,35898.547831943106
10,32,2000,5.019380999999999,200000,70,3,39845.55067646788
10,32,2000,8.111398000000001,300000,61,4,36984.993215719405
10,32,2000,7.478268999999999,300000,58,5,40116.23545502309
10,32,2000,10.720325,400000,58,6,37312.3016326464
17,32,2000,2.594936,100000,60,0,38536.59589292375
17,32,2000,2.4716599999999995,100000,60,1,40458.63913321412
17,32,2000,5.1546970000000005,200000,60,2,38799.56474648267
17,32,2000,5.015723999999999,200000,70,3,39874.60235052807
17,32,2000,7.691451000000001,300000,70,4,39004.343913781675
17,32,2000,7.466690999999999,300000,50,5,40178.44048990377
17,32,2000,10.317951000000003,400000,60,6,38767.3870519447
2,32,2000,2.854222,100000,60,0,35035.81711583752
2,32,2000,2.473254,100000,60,1,40432.56373991511
2,32,2000,5.41876,200000,60,2,36908.81308638877
2,32,2000,5.017124,200000,70,3,39863.47556887173
2,32,2000,7.958215999999999,300000,70,4,37696.890860966836
2,32,2000,7.4677380000000015,300000,50,5,40172.80734808853
2,32,2000,10.579055,400000,60,6,37810.56058409754
13,32,2000,3.003859,100000,60,0,33290.510639813656
13,32,2000,2.4688460000000005,100000,60,1,40504.754042982015
13,32,2000,5.574710999999999,200000,60,2,35876.29923775422
13,32,2000,5.013671,200000,70,3,39890.93021859631
13,32,2000,8.112648,300000,70,4,36979.294553393665
13,32,2000,7.460459999999999,300000,50,5,40211.99765161934
13,32,2000,10.727848,400000,60,6,37286.136045178864
21,32,2000,3.121754,100000,61,0,32033.27360195582
21,32,2000,2.469831,100000,61,1,40488.60023216163
21,32,2000,5.688004,200000,67,2,35161.719295556046
21,32,2000,5.016023,200000,70,3,39872.22546627079
21,32,2000,8.226583000000002,300000,61,4,36467.14559374165
21,32,2000,7.462552999999998,300000,58,5,40200.719512477845
21,32,2000,10.847183000000003,400000,58,6,36875.93359492505
14,32,2000,2.583003,100000,61,0,38714.627896289705
14,32,2000,2.4784729999999997,100000,61,1,40347.42359509263
14,32,2000,5.146117,200000,67,2,38864.25434944444
14,32,2000,5.023116,200000,70,3,39815.92302467234
14,32,2000,7.691492,300000,61,4,39004.13599858129
14,32,2000,7.462885,300000,58,5,40198.93111042177
14,32,2000,10.314418,400000,58,6,38780.66605406141
9,32,2000,3.300619,100000,60,0,30297.347255166376
9,32,2000,2.4703609999999996,100000,60,1,40479.913664440144
9,32,2000,5.865551000000001,200000,60,2,34097.39340771225
9,32,2000,5.0165809999999995,200000,70,3,39867.79043336488
9,32,2000,8.406537,300000,70,4,35686.513959315234
9,32,2000,7.462289999999999,300000,50,5,40202.13634152519
9,32,2000,11.026726,400000,60,6,36275.5000895098
22,32,2000,2.937052,100000,60,0,34047.745834939255
22,32,2000,2.469985,100000,60,1,40486.075826371416
22,32,2000,5.5023800000000005,200000,60,2,36347.90763269712
22,32,2000,5.02488,200000,70,3,39801.945519096975
22,32,2000,8.029458,300000,70,4,37362.422220777546
22,32,2000,7.4939979999999995,300000,50,5,40032.03630425309
22,32,2000,10.631655,400000,60,6,37623.49323788253
8,32,2000,2.662174,100000,60,0,37563.284743972414
8,32,2000,2.4793160000000003,100000,60,1,40333.70494120152
8,32,2000,5.221237,200000,60,2,38305.098964096054
8,32,2000,5.025751,200000,130,3,39795.047546127935
8,32,2000,7.756829,300000,60,4,38675.597979535196
8,32,2000,7.49086,300000,60,5,40048.80614508882
8,32,2000,10.375212,400000,50,6,38553.42907691911
19,32,2000,2.825539,100000,60,0,35391.477519864355
19,32,2000,2.475625,100000,60,1,40393.83993940924
19,32,2000,5.391993,200000,60,2,37092.03628417173
19,32,2000,5.019607999999999,200000,70,3,39843.74875488286
19,32,2000,7.926999000000001,300000,70,4,37845.34349001431
19,32,2000,7.470558999999999,300000,50,5,40157.63746728994
19,32,2000,10.546533000000004,400000,60,6,37927.15577716391
4,32,2000,2.904146,100000,60,0,34433.53054564061
4,32,2000,2.4709650000000005,100000,60,1,40470.01879832373
4,32,2000,5.4691659999999995,200000,60,2,36568.64684670387
4,32,2000,5.017908,200000,70,3,39857.24728313074
4,32,2000,8.014155,300000,70,4,37433.76563093676
4,32,2000,7.45886,300000,50,5,40220.62352691966
4,32,2000,10.631912000000002,400000,60,6,37622.58378361295
27,32,2000,2.788912,100000,60,0,35856.27656950094
27,32,2000,2.4664030000000006,100000,60,1,40544.87445887796
27,32,2000,5.3535569999999995,200000,60,2,37358.33951146874
27,32,2000,5.012805000000001,200000,70,3,39897.82167868089
27,32,2000,7.890176999999999,300000,70,4,38021.96072407502
27,32,2000,7.470955000000001,300000,50,5,40155.50890080317
27,32,2000,10.502918000000001,400000,60,6,38084.65418848362
29,32,2000,3.231779,100000,60,0,30942.709882080428
29,32,2000,2.4836319999999996,100000,60,1,40263.61393314308
29,32,2000,5.790844999999999,200000,60,2,34537.2739211635
29,32,2000,5.024930000000001,200000,70,3,39801.54947432102
29,32,2000,8.327506999999999,300000,70,4,36025.187370001615
29,32,2000,7.477271000000002,300000,50,5,40121.58981532165
29,32,2000,10.954004999999999,400000,60,6,36516.32439459358
31,32,2000,2.463833,100000,60,0,40587.16641915259
31,32,2000,2.475664,100000,60,1,40393.20360113488
31,32,2000,5.022318,200000,60,2,39822.249407544485
31,32,2000,5.0227640000000005,200000,70,3,39818.71336180637
31,32,2000,7.557796,300000,70,4,39694.1118812945
31,32,2000,7.473235000000001,300000,50,5,40143.25790638191
31,32,2000,10.183599,400000,60,6,39278.844345697435
18,32,2000,3.197319,100000,60,0,31276.20359432387
18,32,2000,2.4729550000000002,100000,60,1,40437.45235962643
18,32,2000,5.761652999999999,200000,60,2,34712.260526623184
18,32,2000,5.019295000000001,200000,70,3,39846.233385365864
18,32,2000,8.297676999999998,300000,70,4,36154.6972725017
18,32,2000,7.475619000000002,300000,50,5,40130.45608664646
18,32,2000,10.929054999999998,400000,60,6,36599.687713164596
5,32,2000,2.595569,100000,60,0,38527.19769730645
5,32,2000,2.4725240000000004,100000,60,1,40444.50124649952
5,32,2000,5.159182999999999,200000,60,2,38765.82784522279
5,32,2000,5.021297000000001,200000,70,3,39830.34662159995
5,32,2000,7.692530999999999,300000,70,4,38998.86786286595
5,32,2000,7.472912000000001,300000,50,5,40144.99300941855
5,32,2000,10.314267999999998,400000,60,6,38781.23003978567
24,32,2000,3.072119,100000,61,0,32550.82241280367
24,32,2000,2.4739070000000005,100000,61,1,40421.89136455007
24,32,2000,5.63734,200000,67,2,35477.725310164016
24,32,2000,5.029483000000001,200000,70,3,39765.51864277103
24,32,2000,8.169863999999999,300000,61,4,36720.317498553224
24,32,2000,7.473840000000001,300000,58,5,40140.00834912173
24,32,2000,10.789582999999999,400000,58,6,37072.79512099773
20,32,3000,4.363019,150000,60,0,34379.86403451371
20,32,3000,3.8149240000000004,150000,60,1,39319.26297876445
20,32,3000,8.199431999999998,300000,60,2,36587.90023504068
20,32,3000,7.408357000000002,300000,70,3,40494.808767989976
20,32,3000,11.989995999999998,450000,70,4,37531.28858424974
20,32,3000,11.110971000000003,450000,50,5,40500.51071144006
20,32,3000,15.742252999999998,600000,60,6,38113.985336152335
7,32,3000,4.078817,150000,61,0,36775.3689366304
7,32,3000,3.812316,150000,61,1,39346.16123112565
7,32,3000,7.9177480000000005,300000,67,2,37889.56152683819
7,32,3000,7.411449,300000,70,3,40477.91464260228
7,32,3000,11.705941,450000,61,4,38442.01845883214
7,32,3000,11.124978000000002,450000,58,5,40449.51819230563
7,32,3000,15.456183,600000,58,6,38819.41615209913
30,32,3000,4.04693,150000,60,0,37065.133323284565
30,32,3000,3.8074640000000004,150000,110,1,39396.301580264444
30,32,3000,7.889615,300000,70,2,38024.66913784766
30,32,3000,7.406315,300000,70,3,40505.97361845938
30,32,3000,11.677526,450000,60,4,38535.55967248542
30,32,3000,11.107987000000001,450000,60,5,40511.39058769154
30,32,3000,15.425401999999998,600000,50,6,38896.87931633808
12,32,3000,4.380807,150000,60,0,34240.266690589204
12,32,3000,3.806292,150000,60,1,39408.43214340886
12,32,3000,8.222643999999999,300000,120,2,36484.61492434794
12,32,3000,7.404408000000002,300000,70,3,40516.40590307827
12,32,3000,12.017831999999997,450000,60,4,37444.35768448087
12,32,3000,11.097249000000003,450000,60,5,40550.59051121587
12,32,3000,15.771837999999997,600000,50,6,38042.490672298314
28,32,3000,3.635861,150000,60,0,41255.70256948767
28,32,3000,3.809561,150000,60,1,39374.61560531515
28,32,3000,7.477636,300000,60,2,40119.63139152534
28,32,3000,7.407992999999999,300000,70,3,40496.79852559256
28,32,3000,11.267256999999999,450000,70,4,39938.735754407666
28,32,3000,11.119823000000002,450000,50,5,40468.27004350698
28,32,3000,15.005914999999996,600000,60,6,39984.23288416602
25,32,3000,3.629591,150000,61,0,41326.97044928754
25,32,3000,3.813565,150000,61,1,39333.27477045756
25,32,3000,7.468485999999999,300000,67,2,40168.78387400071
25,32,3000,7.405438000000002,300000,70,3,40510.77059857903
25,32,3000,11.258676,450000,113,4,39969.17577164491
25,32,3000,11.109783000000002,450000,58,5,40504.841543709714
25,32,3000,15.017565,600000,58,6,39953.2147854862
23,32,3000,4.42834,150000,60,0,33872.7378656562
23,32,3000,3.809132999999999,150000,60,1,39379.039797245205
23,32,3000,8.269960000000001,300000,60,2,36275.870741817365
23,32,3000,7.407254999999999,300000,70,3,40500.833304645246
23,32,3000,12.060952,450000,70,4,37310.48759666733
23,32,3000,11.113779000000001,450000,50,5,40490.27787937838
23,32,3000,15.813520999999998,600000,60,6,37942.21413434744
26,32,3000,4.409225,150000,60,0,34019.58394048841
26,32,3000,3.810726999999999,150000,60,1,39362.56782498459
26,32,3000,8.248221000000001,300000,60,2,36371.47937718933
26,32,3000,7.409363999999998,300000,70,3,40489.30515493638
26,32,3000,12.037036000000002,450000,70,4,37384.618605444055
26,32,3000,11.108904999999998,450000,50,5,40508.04287191222
26,32,3000,15.791639000000002,600000,60,6,37994.789521214356
6,32,3000,4.447243,150000,60,0,33728.76184188721
6,32,3000,3.809419,150000,60,1,39376.08333449274
6,32,3000,8.292864,300000,60,2,36175.68068160771
6,32,3000,7.4043790000000005,300000,70,3,40516.56458968402
6,32,3000,12.081431,450000,70,4,37247.24331082965
6,32,3000,11.102635000000001,450000,110,5,40530.919011567974
6,32,3000,15.834594999999998,600000,50,6,37891.71747051314
1,32,3000,4.261624,150000,60,0,35197.84945832856
1,32,3000,3.809945999999999,150000,60,1,39370.63674918228
1,32,3000,8.100538,300000,60,2,37034.57720956312
1,32,3000,7.410727,300000,70,3,40481.85825763114
1,32,3000,11.893305,450000,70,4,37836.41300714982
1,32,3000,11.107127,450000,50,5,40514.527294051826
1,32,3000,15.659070999999999,600000,110,6,38316.449296385465
0,32,3000,4.534844,150000,61,0,33077.21279938186
0,32,3000,3.8079020000000003,150000,61,1,39391.77006130935
0,32,3000,8.376634,300000,67,2,35813.908068563105
0,32,3000,7.417257000000001,300000,70,3,40446.21886500629
0,32,3000,12.155,450000,61,4,37021.801727684084
0,32,3000,11.118845000000002,450000,58,5,40471.829583018734
0,32,3000,15.901259999999999,600000,58,6,37732.8589055207
3,32,3000,4.512056,150000,60,0,33244.26824489767
3,32,3000,3.810671,150000,60,1,39363.146280536945
3,32,3000,8.3555,300000,60,2,35904.49404583807
3,32,3000,7.407399000000002,300000,70,3,40500.04596755216
3,32,3000,12.142916,450000,70,4,37058.64390398484
3,32,3000,11.110557,450000,50,5,40502.01983572921
3,32,3000,15.888691000000001,600000,60,6,37762.708079602024
15,32,3000,4.155532,150000,60,0,36096.46129544905
15,32,3000,3.807619,150000,60,1,39394.6978413544
15,32,3000,7.996187,300000,60,2,37517.881960489416
15,32,3000,7.411691,300000,70,3,40476.592993420796
15,32,3000,11.78209,450000,70,4,38193.56328121751
15,32,3000,11.113634000000001,450000,50,5,40490.80615755386
15,32,3000,15.527016,600000,60,6,38642.32509324393
16,32,3000,3.95023,150000,60,0,37972.472488943684
16,32,3000,3.8181860000000003,150000,60,1,39285.67125855052
16,32,3000,7.778400999999999,300000,60,2,38568.3381455906
16,32,3000,7.417839000000001,300000,70,3,40443.04547456476
16,32,3000,11.571427,450000,70,4,38888.89417009674
16,32,3000,11.110565999999999,450000,50,5,40501.98702748357
16,32,3000,15.324058,600000,60,6,39154.119620272904
11,32,3000,3.762345,150000,113,0,39868.75206819151
11,32,3000,3.8127390000000005,150000,61,1,39341.796015935
11,32,3000,7.605516,300000,67,2,39445.05540452482
11,32,3000,7.405559,300000,70,3,40510.10868997195
11,32,3000,11.400407999999999,450000,61,4,39472.27151870354
11,32,3000,11.098857000000002,450000,58,5,40544.715550439105
11,32,3000,15.151335999999997,600000,58,6,39600.46823593643
10,32,3000,3.983569,150000,61,0,37654.675995319776
10,32,3000,3.8080619999999996,150000,61,1,39390.11497186758
10,32,3000,7.8224990000000005,300000,67,2,38350.91573677414
10,32,3000,7.409668,300000,70,3,40487.64398080994
10,32,3000,11.608626999999998,450000,61,4,38764.27419022078
10,32,3000,11.109967000000001,450000,58,5,40504.170714458465
10,32,3000,15.36599,600000,58,6,39047.272580549645
17,32,3000,3.605887,150000,60,0,41598.64133290921
17,32,3000,3.8093899999999996,150000,60,1,39376.38309545623
17,32,3000,7.447616000000001,300000,60,2,40281.34640668906
17,32,3000,7.408747999999998,300000,70,3,40492.671636287276
17,32,3000,11.243405,450000,70,4,40023.46264321174
17,32,3000,11.102150000000002,450000,50,5,40532.689614173825
17,32,3000,14.992548999999997,600000,60,6,40019.879207998594
2,32,3000,3.955331,150000,60,0,37923.50121898774
2,32,3000,3.8131709999999996,150000,60,1,39337.338923431445
2,32,3000,7.796054000000001,300000,60,2,38481.005903755926
2,32,3000,7.407884999999999,300000,70,3,40497.38893084869
2,32,3000,11.590900000000001,450000,70,4,38823.55986161558
2,32,3000,11.102027999999997,450000,50,5,40533.135027222066
2,32,3000,15.341320000000003,600000,60,6,39110.063540816554
13,32,3000,4.049127,150000,60,0,37045.022297398915
13,32,3000,3.807061,150000,60,1,39400.471912585585
13,32,3000,7.894616,300000,60,2,38000.58166223664
13,32,3000,7.402961,300000,70,3,40524.3253341467
13,32,3000,11.684777999999998,450000,70,4,38511.643096685286
13,32,3000,11.09936,450000,50,5,40542.878147929245
13,32,3000,15.435012999999998,600000,60,6,38872.65919374348
21,32,3000,3.909953,150000,61,0,38363.632504022426
21,32,3000,3.8136080000000003,150000,61,1,39332.83127159372
21,32,3000,7.7462610000000005,300000,67,2,38728.36198005721
21,32,3000,7.409894999999999,300000,70,3,40486.40365349307
21,32,3000,11.535296000000002,450000,61,4,39010.70245618317
21,32,3000,11.112988999999999,450000,58,5,40493.15625166191
21,32,3000,15.280843,600000,58,6,39264.84945889438
14,32,3000,4.562418,150000,61,0,32877.30321947704
14,32,3000,3.8077440000000005,150000,61,1,39393.40459862848
14,32,3000,8.411079999999998,300000,67,2,35667.238927700135
14,32,3000,7.397348000000001,300000,70,3,40555.074602411565
14,32,3000,12.200827,450000,61,4,36882.74573518664
14,32,3000,11.097318999999999,450000,58,5,40550.33472499079
14,32,3000,15.950869,600000,58,6,37615.50546242966
9,32,3000,4.379111,150000,60,0,34253.52771373002
9,32,3000,3.8120410000000007,150000,60,1,39348.99965661439
9,32,3000,8.21797,300000,60,2,36505.36568033225
9,32,3000,7.409972,300000,70,3,40485.98294298548
9,32,3000,12.007866,450000,70,4,37475.434852454215
9,32,3000,11.107716,450000,50,5,40512.37896251579
9,32,3000,15.758883,600000,60,6,38073.76449206457
22,32,3000,3.641342,150000,60,0,41193.60389658538
22,32,3000,3.815251,150000,60,1,39315.892977945616
22,32,3000,7.476483,300000,60,2,40125.818516540465
22,32,3000,7.414216,300000,70,3,40462.8082052101
22,32,3000,11.264892,450000,70,4,39947.12066480531
22,32,3000,11.124208,450000,50,5,40452.31804367556
22,32,3000,15.012006,600000,60,6,39968.00960511207
8,32,3000,3.718408,150000,60,0,40339.8443635018
8,32,3000,3.808453,150000,60,1,39386.07093221316
8,32,3000,7.559889,300000,60,2,39683.12233155804
8,32,3000,7.416565,300000,130,3,40449.992685292986
8,32,3000,11.339386,450000,60,4,39684.688394944846
8,32,3000,11.114960000000002,450000,60,5,40485.97565803205
8,32,3000,15.089930999999998,600000,50,6,39761.613224076376
19,32,3000,3.71189,150000,60,0,40410.68027339172
19,32,3000,3.8100549999999997,150000,60,1,39369.510413891665
19,32,3000,7.5582270000000005,300000,60,2,39691.84836602552
19,32,3000,7.405626,300000,70,3,40509.742187898766
19,32,3000,11.347735000000002,450000,70,4,39655.49072127609
19,32,3000,11.103419999999998,450000,50,5,40528.05351864561
19,32,3000,15.098218000000001,600000,60,6,39739.789159223954
4,32,3000,3.939518,150000,60,0,38075.72398450775
4,32,3000,3.8055540000000003,150000,60,1,39416.07450584067
4,32,3000,7.7826059999999995,300000,60,2,38547.499385167386
4,32,3000,7.402771000000001,300000,70,3,40525.36543410568
4,32,3000,11.571603999999997,450000,70,4,38888.29932306706
4,32,3000,11.101296000000001,450000,50,5,40535.807711099675
4,32,3000,15.328800999999999,600000,60,6,39142.004648634946
27,32,3000,3.905209,150000,60,0,38410.236174299505
27,32,3000,3.8165199999999997,150000,60,1,39302.82037038978
27,32,3000,7.740953,300000,60,2,38754.918160593406
27,32,3000,7.414585,300000,70,3,40460.79450164777
27,32,3000,11.528725000000001,450000,70,4,39032.937293586234
27,32,3000,11.118354999999998,450000,50,5,40473.613227856105
27,32,3000,15.281888000000002,600000,60,6,39262.164465542475
29,32,3000,4.136374,150000,60,0,36263.64540537195
29,32,3000,3.808414,150000,60,1,39386.47426461514
29,32,3000,7.974920999999999,300000,60,2,37617.92750047305
29,32,3000,7.408784000000002,300000,70,3,40492.47487846858
29,32,3000,11.764551,450000,70,4,38250.50356787947
29,32,3000,11.104536,450000,50,5,40523.98047068333
29,32,3000,15.532900000000001,600000,60,6,38627.68703847961
31,32,3000,3.603573,150000,60,0,41625.353503314625
31,32,3000,3.8077110000000003,150000,60,1,39393.746006459
31,32,3000,7.4406550000000005,300000,60,2,40319.03105304573
31,32,3000,7.405401,300000,70,3,40510.973004702915
31,32,3000,11.231755,450000,70,4,40064.9764885363
31,32,3000,11.111492000000002,450000,50,5,40498.61170759066
31,32,3000,14.974120999999997,600000,60,6,40069.129934237884
18,32,3000,4.127125,150000,60,0,36344.91322651967
18,32,3000,3.8093779999999997,150000,60,1,39376.50713581063
18,32,3000,7.96967,300000,60,2,37642.7129354164
18,32,3000,7.406903000000001,300000,70,3,40502.75803530841
18,32,3000,11.759599000000001,450000,70,4,38266.61096181936
18,32,3000,11.109297999999999,450000,50,5,40506.60986859836
18,32,3000,15.506441000000002,600000,60,6,38693.59835696663
5,32,3000,3.730597,150000,60,0,40208.041769186006
5,32,3000,3.8130020000000004,150000,60,1,39339.082434260454
5,32,3000,7.568705,300000,60,2,39636.89957529063
5,32,3000,7.415801,300000,70,3,40454.15997543623
5,32,3000,11.359115000000001,450000,70,4,39615.76231951168
5,32,3000,11.107684,450000,50,5,40512.49567416574
5,32,3000,15.112718,600000,60,6,39701.660548420215
24,32,3000,3.821303,150000,61,0,39253.62631542173
24,32,3000,3.8095900000000005,150000,61,1,39374.31587126173
24,32,3000,7.669433,300000,67,2,39116.32059371273
24,32,3000,7.4064700000000006,300000,70,3,40505.12592368564
24,32,3000,11.453635999999998,450000,61,4,39288.833694383175
24,32,3000,11.104758000000002,450000,58,5,40523.170338336044
24,32,3000,15.203536999999999,600000,58,6,39464.50092501502
20,32,4000,4.273781,200000,60,0,46796.96970902347
20,32,4000,4.464335,200000,60,1,44799.50541346023
20,32,4000,8.677691,400000,60,2,46095.21127221516
20,32,4000,8.818686,400000,70,3,45358.23137369899
20,32,4000,13.12736,600000,70,4,45706.067328084246
20,32,4000,13.182821,600000,50,5,45513.77887934608
20,32,4000,17.467548,800000,60,6,45799.2157800282
7,32,4000,4.659002,200000,61,0,42927.648453467074
7,32,4000,4.475605000000001,200000,61,1,44686.69598858701
7,32,4000,9.058910999999998,400000,67,2,44155.41779801127
7,32,4000,8.842871000000002,400000,70,3,45234.17790443849
7,32,4000,13.497269,600000,61,4,44453.4372101497
7,32,4000,13.200593000000001,600000,58,5,45452.50353525784
7,32,4000,17.85051,800000,58,6,44816.646695248484
30,32,4000,4.69067,200000,60,0,42637.832122063584
30,32,4000,4.462047000000001,200000,110,1,44822.4772172951
30,32,4000,9.101319999999998,400000,70,2,43949.66883924531
30,32,4000,8.815605000000001,400000,70,3,45374.0837979923
30,32,4000,13.551440999999997,600000,60,4,44275.7342189661
30,32,4000,13.171162000000002,600000,60,5,45554.06728730539
30,32,4000,17.906319999999997,800000,50,6,44676.96321745619
12,32,4000,5.067488,200000,60,0,39467.2863556855
12,32,4000,4.462212,200000,60,1,44820.81980865096
12,32,4000,9.478781999999999,400000,120,2,42199.51466338186
12,32,4000,8.816381,400000,70,3,45370.09006303153
12,32,4000,13.930094,600000,60,4,43072.21473164503
12,32,4000,13.177115,600000,60,5,45533.48741359546
12,32,4000,18.278188,800000,50,6,43768.014641276255
28,32,4000,4.397692,200000,60,0,45478.40094304012
28,32,4000,4.460370999999999,200000,60,1,44839.31941984199
28,32,4000,8.808934,400000,60,2,45408.445562198554
28,32,4000,8.8174,400000,70,3,45364.84678023
28,32,4000,13.258424999999999,600000,70,4,45254.24399957009
28,32,4000,13.173895000000002,600000,50,5,45544.61683503626
28,32,4000,17.605703,800000,60,6,45439.82140332596
25,32,4000,4.562156,200000,61,0,43838.92177295121
25,32,4000,4.4652639999999995,200000,61,1,44790.184858050954
25,32,4000,8.973061000000001,400000,67,2,44577.87593330748
25,32,4000,8.81721,400000,70,3,45365.8243367233
25,32,4000,13.423369000000001,600000,113,4,44698.1677997528
25,32,4000,13.175151,600000,58,5,45540.27502227489
25,32,4000,17.770837,800000,58,6,45017.57570563503
23,32,4000,5.169428,200000,60,0,38689.00002089206
23,32,4000,4.466835,200000,60,1,44774.43200834596
23,32,4000,9.582584,400000,60,2,41742.39432704164
23,32,4000,8.815552,400000,70,3,45374.35659162353
23,32,4000,14.032891,600000,70,4,42756.69211711258
23,32,4000,13.185092000000001,600000,50,5,45505.93958692135
23,32,4000,18.376886,800000,60,6,43532.946768021524
26,32,4000,5.153954,200000,60,0,38805.15813684018
26,32,4000,4.474285000000001,200000,60,1,44699.879422075246
26,32,4000,9.555163999999998,400000,60,2,41862.18049214018
26,32,4000,8.827765000000003,400000,70,3,45311.58226346078
26,32,4000,14.007038999999995,600000,70,4,42835.6057265208
26,32,4000,13.189686000000005,600000,50,5,45490.08975649608
26,32,4000,18.348914999999995,800000,60,6,43599.30818797734
6,32,4000,4.962787,200000,60,0,40299.93630595067
6,32,4000,4.460653,200000,60,1,44836.48470302443
6,32,4000,9.374158000000001,400000,60,2,42670.49904642101
6,32,4000,8.813597999999999,400000,70,3,45384.416216850375
6,32,4000,13.824283000000001,600000,70,4,43401.88926977261
6,32,4000,13.176375999999998,600000,110,5,45536.0411694384
6,32,4000,18.169139,800000,50,6,44030.7050323078
1,32,4000,5.164341,200000,60,0,38727.10961572832
1,32,4000,4.465982,200000,60,1,44782.98389917379
1,32,4000,9.576081,400000,60,2,41770.74107873565
1,32,4000,8.815634999999999,400000,70,3,45373.92938795675
1,32,4000,14.026994,600000,70,4,42774.667188137384
1,32,4000,13.180038000000001,600000,50,5,45523.38923453786
1,32,4000,18.365501000000002,800000,110,6,43559.93337725989
0,32,4000,4.397888,200000,61,0,45476.37411412023
0,32,4000,4.463163,200000,61,1,44811.26949654315
0,32,4000,8.81063,400000,67,2,45399.70467492109
0,32,4000,8.814603000000002,400000,70,3,45379.2416969885
0,32,4000,13.264402999999998,600000,61,4,45233.84882078749
0,32,4000,13.170997000000003,600000,58,5,45554.63796704227
0,32,4000,17.609816999999996,800000,58,6,45429.20576630638
3,32,4000,4.178231,200000,60,0,47867.147603854355
3,32,4000,4.460944,200000,60,1,44833.559892255995
3,32,4000,8.589933,400000,60,2,46566.13736102482
3,32,4000,8.819438,400000,70,3,45354.36384948791
3,32,4000,13.041113000000001,600000,70,4,46008.342999558394
3,32,4000,13.171009,600000,50,5,45554.59646257929
3,32,4000,17.38794,800000,60,6,46008.900421786595
15,32,4000,4.239381,200000,60,0,47176.69867369789
15,32,4000,4.465023,200000,60,1,44792.60241212643
15,32,4000,8.650418,400000,60,2,46240.54005251538
15,32,4000,8.817818999999998,400000,70,3,45362.69115979814
15,32,4000,13.102553000000002,600000,70,4,45792.602403516314
15,32,4000,13.185781999999998,600000,50,5,45503.558302419995
15,32,4000,17.445139000000005,800000,60,6,45858.04676018917
16,32,4000,4.823984,200000,60,0,41459.50732838251
16,32,4000,4.46041,200000,60,1,44838.92736317962
16,32,4000,9.234867999999999,400000,60,2,43314.10042893954
16,32,4000,8.818452,400000,70,3,45359.4349665905
16,32,4000,13.681049999999999,600000,70,4,43856.28296073766
16,32,4000,13.182217000000001,600000,50,5,45515.86428898871
16,32,4000,18.024737,800000,60,6,44383.44925643021
11,32,4000,4.386883,200000,113,0,45590.456823215936
11,32,4000,4.467142,200000,61,1,44771.35492894562
11,32,4000,8.795418999999999,400000,67,2,45478.21996882696
11,32,4000,8.820827000000001,400000,70,3,45347.22197816599
11,32,4000,13.245522999999999,600000,61,4,45298.32457351817
11,32,4000,13.182512000000003,600000,58,5,45514.845728947555
11,32,4000,17.588464999999996,800000,58,6,45484.355797961915
10,32,4000,4.601314,200000,61,0,43465.844756519546
10,32,4000,4.462854999999999,200000,61,1,44814.362106767985
10,32,4000,9.012741,400000,67,2,44381.6148716578
10,32,4000,8.817262999999999,400000,70,3,45365.551645675085
10,32,4000,13.46258,600000,61,4,44567.98028312552
10,32,4000,13.181036,600000,58,5,45519.942438515456
10,32,4000,17.811509,800000,58,6,44914.77953945396
17,32,4000,4.491672,200000,60,0,44526.84879928899
17,32,4000,4.467477,200000,60,1,44767.997686389885
17,32,4000,8.899815,400000,60,2,44944.75446961538
17,32,4000,8.823156,400000,70,3,45335.251921194635
17,32,4000,13.352304,600000,70,4,44936.06496676528
17,32,4000,13.179368,600000,50,5,45525.70350869632
17,32,4000,17.696172,800000,60,6,45207.51719637444
2,32,4000,4.820986,200000,60,0,41485.28952376132
2,32,4000,4.4678759999999995,200000,60,1,44763.99971709152
2,32,4000,9.235713,400000,60,2,43310.13750643832
2,32,4000,8.824358,400000,70,3,45329.076630843854
2,32,4000,13.679116,600000,70,4,43862.4835113614
2,32,4000,13.185061000000001,600000,50,5,45506.04657801735
2,32,4000,18.023733,800000,60,6,44385.921606805874
13,32,4000,4.763902,200000,60,0,41982.39174525421
13,32,4000,4.464748999999999,200000,60,1,44795.351317621666
13,32,4000,9.176377,400000,60,2,43590.1881537779
13,32,4000,8.817454,400000,70,3,45364.568956072806
13,32,4000,13.627259,600000,70,4,44029.39725442952
13,32,4000,13.175647,600000,50,5,45538.560649052
13,32,4000,17.974941,800000,60,6,44506.40477762903
21,32,4000,4.968691,200000,61,0,40252.05028849651
21,32,4000,4.468794000000001,200000,61,1,44754.8040925583
21,32,4000,9.381345999999999,400000,67,2,42637.80485231011
21,32,4000,8.816567000000001,400000,70,3,45369.13290626612
21,32,4000,13.833239,600000,61,4,43373.78975379519
21,32,4000,13.176305000000001,600000,58,5,45536.286538600914
21,32,4000,18.183816,800000,58,6,43995.16581118067
14,32,4000,4.408222,200000,61,0,45369.765860249325
14,32,4000,4.462541,200000,61,1,44817.51540209939
14,32,4000,8.820977000000001,400000,67,2,45346.45085232622
14,32,4000,8.814649999999999,400000,70,3,45378.999733398385
14,32,4000,13.276762,600000,61,4,45191.74178161814
14,32,4000,13.170601,600000,58,5,45556.00765675006
14,32,4000,17.628254,800000,58,6,45381.69236726451
9,32,4000,4.177489,200000,60,0,47875.64970248875
9,32,4000,4.467366,200000,60,1,44769.11003038479
9,32,4000,8.584209,400000,60,2,46597.18792960423
9,32,4000,8.819856,400000,70,3,45352.214367218694
9,32,4000,13.034515,600000,70,4,46031.63217043365
9,32,4000,13.186867999999999,600000,50,5,45499.810872452814
9,32,4000,17.3716,800000,60,6,46052.177116673185
22,32,4000,4.632152,200000,60,0,43176.47607418755
22,32,4000,4.469846,200000,60,1,44744.27083170203
22,32,4000,9.036484999999999,400000,60,2,44264.99905660221
22,32,4000,8.823754000000001,400000,70,3,45332.17947825834
22,32,4000,13.489566999999997,600000,70,4,44478.81833419858
22,32,4000,13.183266000000003,600000,50,5,45512.242565688946
22,32,4000,17.837263999999998,800000,60,6,44849.9276570667
8,32,4000,4.428267,200000,60,0,45164.395010508626
8,32,4000,4.463445,200000,60,1,44808.43832510538
8,32,4000,8.84088,400000,60,2,45244.36481436237
8,32,4000,8.818972999999998,400000,130,3,45356.75525937091
8,32,4000,13.290966000000003,600000,60,4,45143.44555542463
8,32,4000,13.174540999999996,600000,60,5,45542.383601827205
8,32,4000,17.644303,800000,50,6,45340.41384349384
19,32,4000,4.728723,200000,60,0,42294.71677660121
19,32,4000,4.473867000000001,200000,60,1,44704.055797814275
19,32,4000,9.137395999999999,400000,60,2,43776.1480404264
19,32,4000,8.819978000000003,400000,70,3,45351.587044774926
19,32,4000,13.587477999999997,600000,70,4,44158.30516892098
19,32,4000,13.175934000000002,600000,50,5,45537.56872188339
19,32,4000,17.935878,800000,60,6,44603.336396467465
4,32,4000,4.736652,200000,60,0,42223.916808750146
4,32,4000,4.458939999999999,200000,60,1,44853.70962605463
4,32,4000,9.148273,400000,60,2,43724.099619676854
4,32,4000,8.812445,400000,70,3,45390.35420930287
4,32,4000,13.599146999999999,600000,70,4,44120.41431716269
4,32,4000,13.170845,600000,50,5,45555.16369678635
4,32,4000,17.944455,800000,60,6,44582.01711893729
27,32,4000,4.818683,200000,60,0,41505.11664701745
27,32,4000,4.4662500000000005,200000,60,1,44780.29666946543
27,32,4000,9.226654,400000,70,2,43352.66067200526
27,32,4000,8.819742999999999,400000,60,3,45352.79542725905
27,32,4000,13.679251,600000,70,4,43862.05063420504
27,32,4000,13.175667,600000,50,5,45538.491523806726
27,32,4000,18.025481,800000,60,6,44381.617333817616
29,32,4000,5.13018,200000,60,0,38984.986881551915
29,32,4000,4.463425999999999,200000,60,1,44808.629066551126
29,32,4000,9.545374000000002,400000,60,2,41905.11550411748
29,32,4000,8.813417999999999,400000,70,3,45385.34312113644
29,32,4000,13.998872000000002,600000,70,4,42860.59619660783
29,32,4000,13.173451999999997,600000,50,5,45546.14842032294
29,32,4000,18.339908,800000,60,6,43620.72045290521
31,32,4000,4.174242,200000,60,0,47912.89053198162
31,32,4000,4.465054,200000,60,1,44792.29142581478
31,32,4000,8.586425,400000,60,2,46585.16204357459
31,32,4000,8.818805,400000,70,3,45357.619314635034
31,32,4000,13.036008,600000,70,4,46026.36021702349
31,32,4000,13.174107999999999,600000,50,5,45543.88046613859
31,32,4000,17.392747,800000,60,6,45996.18450150514
18,32,4000,5.000529,200000,60,0,39995.76844769823
18,32,4000,4.469163999999999,200000,60,1,44751.0988632326
18,32,4000,9.409253000000001,400000,60,2,42511.34494948748
18,32,4000,8.824760999999997,400000,70,3,45327.00658975355
18,32,4000,13.854375000000003,600000,70,4,43307.61943429421
18,32,4000,13.182313999999996,600000,50,5,45515.52936760573
18,32,4000,18.207806000000005,800000,60,6,43937.19924300598
5,32,4000,4.426834,200000,60,0,45179.015070364054
5,32,4000,4.460596999999999,200000,60,1,44837.04759699207
5,32,4000,8.83849,400000,60,2,45256.59926073345
5,32,4000,8.813695,400000,70,3,45383.916734127975
5,32,4000,13.289323,600000,70,4,45149.02677886601
5,32,4000,13.172695000000001,600000,50,5,45548.76583721099
5,32,4000,17.635305,800000,60,6,45363.5477242951
24,32,4000,4.817486,200000,61,0,41515.42941691995
24,32,4000,4.463673000000001,200000,61,1,44806.149554414034
24,32,4000,9.227530999999999,400000,67,2,43348.54036253035
24,32,4000,8.815728,400000,70,3,45373.45072352504
24,32,4000,13.682511000000002,600000,61,4,43851.60004621958
24,32,4000,13.170876999999997,600000,58,5,45555.053015831836
24,32,4000,18.026617,800000,58,6,44378.82049638043
20,32,5000,6.134036,250000,60,0,40756.200322267425
20,32,5000,5.073994000000001,250000,60,1,49270.85053707197
20,32,5000,11.416741,500000,60,2,43795.335288765855
20,32,5000,10.402762999999998,500000,70,3,48064.153725313176
20,32,5000,16.663609,750000,70,4,45008.25721486864
20,32,5000,15.650323,750000,50,5,47922.33361573432
20,32,5000,21.941834,1000000,60,6,45575.04172167194
7,32,5000,5.807631,250000,61,0,43046.81203058528
7,32,5000,5.0677200000000004,250000,61,1,49331.849431302435
7,32,5000,11.098212999999998,500000,67,2,45052.29805915602
7,32,5000,10.387808000000003,500000,70,3,48133.3501735881
7,32,5000,16.348747999999997,750000,61,4,45875.07251319796
7,32,5000,15.628008000000005,750000,58,5,47990.76120257936
7,32,5000,21.632795999999995,1000000,58,6,46226.109653139625
30,32,5000,5.603088,250000,60,0,44618.25336314547
30,32,5000,5.072802000000001,250000,110,1,49282.42813340634
30,32,5000,10.887908,500000,70,2,45922.50412108552
30,32,5000,10.40306,500000,70,3,48062.7815277428
30,32,5000,16.141109,750000,60,4,46465.20880318694
30,32,5000,15.640367999999999,750000,60,5,47952.83589235241
30,32,5000,21.424422000000003,1000000,50,6,46675.70495017321
12,32,5000,6.17557,250000,60,0,40482.09315091563
12,32,5000,5.072116,250000,60,1,49289.09354596779
12,32,5000,11.473399999999998,500000,120,2,43579.061132706964
12,32,5000,10.389640000000004,500000,70,3,48124.86284414088
12,32,5000,16.720206999999995,750000,60,4,44855.90399688235
12,32,5000,15.632816000000005,750000,60,5,47976.00125274933
12,32,5000,22.001142999999992,1000000,50,6,45452.18400698547
28,32,5000,5.378243,250000,60,0,46483.58209177235
28,32,5000,5.074568999999999,250000,60,1,49265.26765130202
28,32,5000,10.663848000000002,500000,60,2,46887.38999280559
28,32,5000,10.402185,500000,70,3,48066.82442198442
28,32,5000,15.910433000000001,750000,70,4,47138.88050689758
28,32,5000,15.641624999999998,750000,50,5,47948.98228285105
28,32,5000,21.201449000000004,1000000,60,6,47166.587528993885
25,32,5000,5.629927,250000,61,0,44405.54913056599
25,32,5000,5.072044999999999,250000,61,1,49289.783509412875
25,32,5000,10.918015,500000,67,2,45795.87040318226
25,32,5000,10.403057,500000,70,3,48062.7953879326
25,32,5000,16.161335,750000,113,4,46407.05733777562
25,32,5000,15.646366999999998,750000,58,5,47934.45021454502
25,32,5000,21.441083,1000000,58,6,46639.43514420424
23,32,5000,5.274274,250000,60,0,47399.88859130185
23,32,5000,5.07105,250000,60,1,49299.45474803049
23,32,5000,10.557789,500000,60,2,47358.40051359238
23,32,5000,10.400544,500000,70,3,48074.4084155598
23,32,5000,15.805947,750000,70,4,47450.4944246618
23,32,5000,15.641546000000002,750000,50,5,47949.224456457174
23,32,5000,21.088942,1000000,60,6,47418.21566961491
26,32,5000,5.247298,250000,60,0,47643.568175468594
26,32,5000,5.065790000000001,250000,60,1,49350.64422330968
26,32,5000,10.534989,500000,60,2,47460.89435878861
26,32,5000,10.393827000000002,500000,70,3,48105.47645251358
26,32,5000,15.784230999999998,750000,70,4,47515.77698020259
26,32,5000,15.631262000000003,750000,50,5,47980.77084243101
26,32,5000,21.072647,1000000,60,6,47454.883100352796
6,32,5000,6.089931,250000,60,0,41051.368233892965
6,32,5000,5.071659,250000,60,1,49293.53491628676
6,32,5000,11.378632,500000,60,2,43942.013416024005
6,32,5000,10.399901,500000,70,3,48077.38073660509
6,32,5000,16.623942,750000,70,4,45115.65307434302
6,32,5000,15.643200999999998,750000,110,5,47944.151583809486
6,32,5000,21.904305,1000000,50,6,45653.126177707985
1,32,5000,5.930207,250000,60,0,42157.04443369346
1,32,5000,5.072026,250000,60,1,49289.96815079418
1,32,5000,11.215975,500000,60,2,44579.27197590936
1,32,5000,10.402659,500000,70,3,48064.63424399473
1,32,5000,16.461915,750000,70,4,45559.70553851116
1,32,5000,15.641631999999998,750000,50,5,47948.96082454824
1,32,5000,21.746196,1000000,110,6,45985.0541216496
0,32,5000,5.393796,250000,61,0,46349.54677559181
0,32,5000,5.07221,250000,61,1,49288.18010295315
0,32,5000,10.679852,500000,67,2,46817.128177431674
0,32,5000,10.425488000000001,500000,70,3,47959.385690147064
0,32,5000,15.912785,750000,61,4,47131.91311263239
0,32,5000,15.658628,750000,58,5,47896.91663918448
0,32,5000,21.196295,1000000,58,6,47178.056353716536
3,32,5000,5.258868,250000,60,0,47538.74788262417
3,32,5000,5.072395,250000,60,1,49286.382468242315
3,32,5000,10.546558,500000,60,2,47408.83234131932
3,32,5000,10.405763000000002,500000,70,3,48050.296744217594
3,32,5000,15.792238,750000,70,4,47491.68547231874
3,32,5000,15.645862,750000,50,5,47935.99739023647
3,32,5000,21.07369,1000000,60,6,47452.5344161369
15,32,5000,5.982252,250000,60,0,41790.28232177447
15,32,5000,5.072397,250000,60,1,49286.36303507001
15,32,5000,11.270648000000001,500000,60,2,44363.02154055383
15,32,5000,10.400043,500000,70,3,48076.72429815915
15,32,5000,16.517025,750000,70,4,45407.692971343204
15,32,5000,15.643243000000002,750000,50,5,47944.0228602215
15,32,5000,21.801622,1000000,60,6,45868.14687457658
16,32,5000,5.809997,250000,60,0,43029.28211494774
16,32,5000,5.072280999999999,250000,60,1,49287.49018439634
16,32,5000,11.099428,500000,60,2,45047.36640482735
16,32,5000,10.400903,500000,70,3,48072.74906803765
16,32,5000,16.350763,750000,70,4,45869.41906013805
16,32,5000,15.634832,750000,50,5,47969.81508979438
16,32,5000,21.632552999999998,1000000,60,6,46226.62891430337
11,32,5000,5.52129,250000,113,0,45279.2735031125
11,32,5000,5.0721549999999995,250000,61,1,49288.714560182016
11,32,5000,10.806816000000001,500000,67,2,46267.096617542105
11,32,5000,10.406486999999998,500000,70,3,48046.95378949688
11,32,5000,16.053787,750000,61,4,46717.94885530748
11,32,5000,15.649585000000002,750000,58,5,47924.59352755999
11,32,5000,21.330244999999998,1000000,58,6,46881.78687117753
10,32,5000,5.763936,250000,61,0,43373.13946580947
10,32,5000,5.077189,250000,61,1,49239.84511902157
10,32,5000,11.048289999999998,500000,67,2,45255.87217569417
10,32,5000,10.404287000000004,500000,70,3,48057.11338028255
10,32,5000,16.296965999999998,750000,61,4,46020.83602555225
10,32,5000,15.646305000000002,750000,58,5,47934.64015944978
10,32,5000,21.578835,1000000,58,6,46341.70473058439
17,32,5000,5.50553,250000,60,0,45408.888880816194
17,32,5000,5.065586,250000,60,1,49352.63165998959
17,32,5000,10.792298,500000,60,2,46329.335976452836
17,32,5000,10.39738,500000,70,3,48089.03781529578
17,32,5000,16.035994000000002,750000,70,4,46769.78552124676
17,32,5000,15.642720999999998,750000,50,5,47945.62275962092
17,32,5000,21.319611000000005,1000000,60,6,46905.17101836426
2,32,5000,5.605926,250000,60,0,44595.665372678835
2,32,5000,5.070879,250000,60,1,49301.1172224776
2,32,5000,10.891491,500000,60,2,45907.39688441188
2,32,5000,10.401175,500000,70,3,48071.491922787565
2,32,5000,16.139423999999998,750000,70,4,46470.059898048414
2,32,5000,15.643777,750000,50,5,47942.38629200608
2,32,5000,21.418038000000003,1000000,60,6,46689.61741500318
13,32,5000,5.843232,250000,60,0,42784.54115804404
13,32,5000,5.069172,250000,60,1,49317.71894897234
13,32,5000,11.128746000000001,500000,60,2,44928.69187597596
13,32,5000,10.40329,500000,70,3,48061.718936990124
13,32,5000,16.371446999999996,750000,70,4,45811.46675672591
13,32,5000,15.643153000000005,750000,50,5,47944.29869732782
13,32,5000,21.659989999999993,1000000,60,6,46168.07302311775
21,32,5000,6.00788,250000,61,0,41612.01621869944
21,32,5000,5.062194,250000,61,1,49385.70114065166
21,32,5000,11.293730000000002,500000,67,2,44272.35288961219
21,32,5000,10.392033,500000,70,3,48113.78100897101
21,32,5000,16.540525000000002,750000,61,4,45343.17985674577
21,32,5000,15.633762999999995,750000,58,5,47973.095153099115
21,32,5000,21.830094000000003,1000000,58,6,45808.323134110185
14,32,5000,5.477932,250000,61,0,45637.66034335585
14,32,5000,5.072532,250000,61,1,49285.05133136667
14,32,5000,10.763314999999999,500000,67,2,46454.08965546396
14,32,5000,10.403612000000003,500000,70,3,48060.23138886762
14,32,5000,16.014029999999998,750000,61,4,46833.93249544306
14,32,5000,15.648992000000003,750000,58,5,47926.40957321723
14,32,5000,21.294598999999995,1000000,58,6,46960.26443137061
9,32,5000,5.208264,250000,60,0,48000.638984506164
9,32,5000,5.069277,250000,60,1,49316.69743042253
9,32,5000,10.494136000000001,500000,60,2,47645.65658382929
9,32,5000,10.399092,500000,70,3,48081.120928634926
9,32,5000,15.740766,750000,70,4,47646.98236413654
9,32,5000,15.639015999999998,750000,50,5,47956.981436683745
9,32,5000,21.024504,1000000,60,6,47563.54775361169
22,32,5000,5.564418,250000,60,0,44928.32853319072
22,32,5000,5.075383,250000,60,1,49257.366389886236
22,32,5000,10.848447,500000,60,2,46089.54627330529
22,32,5000,10.405674000000001,500000,70,3,48050.707719653714
22,32,5000,16.094804999999997,750000,70,4,46598.88703218213
22,32,5000,15.645013000000002,750000,50,5,47938.59870873868
22,32,5000,21.378973,1000000,60,6,46774.93161154187
8,32,5000,5.514872,250000,60,0,45331.96781357754
8,32,5000,5.077912999999999,250000,60,1,49232.82458758156
8,32,5000,10.794693,500000,60,2,46319.056966233315
8,32,5000,10.413448999999998,500000,130,3,48014.83158941865
8,32,5000,16.037971,750000,60,4,46764.02021178365
8,32,5000,15.655012000000003,750000,60,5,47907.97988529168
8,32,5000,21.317106,1000000,50,6,46910.68290414281
19,32,5000,5.806439,250000,60,0,43055.64908199328
19,32,5000,5.075126,250000,60,1,49259.860740403295
19,32,5000,11.091311999999999,500000,60,2,45080.32954081538
19,32,5000,10.402890000000003,500000,70,3,48063.56695110684
19,32,5000,16.338295,750000,70,4,45904.42270751018
19,32,5000,15.645428000000003,750000,50,5,47937.327122019284
19,32,5000,21.621229999999997,1000000,60,6,46250.83771829818
4,32,5000,5.764044,250000,60,0,43372.32679001062
4,32,5000,5.0681449999999995,250000,60,1,49327.71260490772
4,32,5000,11.049650999999999,500000,60,2,45250.29795058686
4,32,5000,10.398288000000003,500000,70,3,48084.83858112027
4,32,5000,16.296226999999995,750000,70,4,46022.92297474748
4,32,5000,15.636993000000004,750000,50,5,47963.18576084288
4,32,5000,21.580971999999996,1000000,60,6,46337.11586299265
27,32,5000,5.848466,250000,60,0,42746.25175216886
27,32,5000,5.065536999999999,250000,60,1,49353.10905832887
27,32,5000,11.135198000000003,500000,60,2,44902.65911751187
27,32,5000,10.397437999999998,500000,70,3,48088.76956034747
27,32,5000,16.382035000000002,750000,70,4,45781.85799261202
27,32,5000,15.640045,750000,50,5,47953.82621980947
27,32,5000,21.662553000000003,1000000,60,6,46162.6106581251
29,32,5000,5.989715,250000,60,0,41738.21291998033
29,32,5000,5.070556999999999,250000,60,1,49304.24803428895
29,32,5000,11.275841000000002,500000,60,2,44342.590499458085
29,32,5000,10.399802,500000,70,3,48077.8384050004
29,32,5000,16.522863,750000,70,4,45391.64913489871
29,32,5000,15.650460000000002,750000,50,5,47921.91411626239
29,32,5000,21.799267,1000000,60,6,45873.102063477636
31,32,5000,5.207481,250000,60,0,48007.85638968246
31,32,5000,5.072012000000001,250000,60,1,49290.10420322348
31,32,5000,10.496277,500000,60,2,47635.93796162202
31,32,5000,10.398972,500000,70,3,48081.67576564298
31,32,5000,15.742885000000001,750000,70,4,47640.56905706927
31,32,5000,15.642147999999999,750000,50,5,47947.37909397099
31,32,5000,21.024009,1000000,60,6,47564.66761405972
18,32,5000,6.023306,250000,60,0,41505.44568049507
18,32,5000,5.069578,250000,60,1,49313.7693117652
18,32,5000,11.303481000000001,500000,60,2,44234.16114027174
18,32,5000,10.400741999999997,500000,70,3,48073.49321808003
18,32,5000,16.548654000000003,750000,70,4,45320.90646163729
18,32,5000,15.644341999999998,750000,50,5,47940.65483866308
18,32,5000,21.833194000000002,1000000,60,6,45801.819010081614
5,32,5000,5.527621,250000,60,0,45227.41338452835
5,32,5000,5.072217,250000,60,1,49288.112081955485
5,32,5000,10.813226,500000,60,2,46239.66982656239
5,32,5000,10.405838,500000,70,3,48049.950422061156
5,32,5000,16.056218,750000,70,4,46710.87550007106
5,32,5000,15.649795999999998,750000,50,5,47923.94737925019
5,32,5000,21.336695000000002,1000000,60,6,46867.614689154056
24,32,5000,5.884246,250000,61,0,42486.3270502287
24,32,5000,5.065933,250000,61,1,49349.25116459298
24,32,5000,11.172297,500000,67,2,44753.55426014901
24,32,5000,10.394365,500000,70,3,48102.98657012718
24,32,5000,16.421043,750000,61,4,45673.1037121089
24,32,5000,15.635226999999997,750000,58,5,47968.60320608074
24,32,5000,21.703937,1000000,58,6,46074.59006170171
