id,shard_id,node,shard,batchsize,delay,tx,tps,total_tx,total_tps,send,round
7,1,16,4,1000,1.3635494709014893,4000,2933.520261172089,16000,11734.081044688355,290,0
7,1,16,4,1000,1.8859171867370605,4000,2120.983905407131,16000,8483.935621628523,330,1
7,1,16,4,1000,1.1682121753692627,4000,3424.0355342432817,16000,13696.142136973127,210,2
7,1,16,4,1000,1.319636583328247,4000,3031.1375499394126,16000,12124.55019975765,270,3
7,1,16,4,1000,2.111422061920166,4000,1894.4578027011457,16000,7577.831210804583,230,4
7,1,16,4,1000,1.1760714054107666,4000,3401.154029931473,16000,13604.616119725892,320,5
7,1,16,4,1000,1.9411141872406006,4000,2060.6721780165944,16000,8242.688712066378,280,6
12,3,16,4,1000,1.2761430740356445,4000,3134.444782394575,16000,12537.7791295783,290,0
12,3,16,4,1000,1.9505910873413086,4000,2050.6604515721815,16000,8202.641806288726,340,1
12,3,16,4,1000,1.2339253425598145,4000,3241.687209132023,16000,12966.748836528091,200,2
12,3,16,4,1000,1.49979829788208,4000,2667.025296433891,16000,10668.101185735564,270,3
12,3,16,4,1000,1.7040488719940186,4000,2347.3505166077425,16000,9389.40206643097,230,4
12,3,16,4,1000,1.9982993602752686,4000,2001.7020870431518,16000,8006.808348172607,330,5
12,3,16,4,1000,2.0387048721313477,4000,1962.0299410077105,16000,7848.119764030842,270,6
6,1,16,4,1000,1.7275700569152832,4000,2315.390906428608,16000,9261.563625714432,250,0
6,1,16,4,1000,1.8960704803466797,4000,2109.6262198379013,16000,8438.504879351605,290,1
6,1,16,4,1000,1.1825590133666992,4000,3382.495042350704,16000,13529.980169402816,240,2
6,1,16,4,1000,1.3247220516204834,4000,3019.501332454569,16000,12078.005329818276,260,3
6,1,16,4,1000,2.1143016815185547,4000,1891.8776043005748,16000,7567.510417202299,310,4
6,1,16,4,1000,1.1802411079406738,4000,3389.1380100963784,16000,13556.552040385513,260,5
6,1,16,4,1000,2.0163581371307373,4000,1983.7745717593455,16000,7935.098287037382,310,6
1,0,16,4,1000,1.6584398746490479,3000,1808.929009642178,12000,7235.716038568712,292,0
1,0,16,4,1000,1.4991569519042969,4000,2668.166261657273,16000,10672.665046629092,268,1
1,0,16,4,1000,1.7367701530456543,4000,2303.12571469833,16000,9212.50285879332,244,2
1,0,16,4,1000,1.3637676239013672,4000,2933.051005095055,16000,11732.20402038022,244,3
1,0,16,4,1000,1.4725756645202637,3000,2037.246759050131,12000,8148.987036200524,256,4
1,0,16,4,1000,1.9353771209716797,4000,2066.7806582273492,16000,8267.122632909397,244,5
1,0,16,4,1000,1.5158696174621582,4000,2638.7493712663286,16000,10554.997485065314,304,6
0,0,16,4,1000,1.934373378753662,3000,1550.8898297250828,12000,6203.559318900331,260,0
0,0,16,4,1000,1.4935154914855957,4000,2678.2447338535544,16000,10712.978935414218,290,1
0,0,16,4,1000,1.7175781726837158,4000,2328.860522109454,16000,9315.442088437816,280,2
0,0,16,4,1000,1.3788363933563232,4000,2900.996825492339,16000,11603.987301969357,280,3
0,0,16,4,1000,1.4686343669891357,3000,2042.7140120316908,12000,8170.856048126763,230,4
0,0,16,4,1000,1.934906005859375,4000,2067.2838824661294,16000,8269.135529864518,290,5
0,0,16,4,1000,1.5531494617462158,4000,2575.4121535108247,16000,10301.648614043299,310,6
3,0,16,4,1000,2.062760829925537,3000,1454.3615316315154,12000,5817.446126526062,320,0
3,0,16,4,1000,1.506230115890503,4000,2655.636716993371,16000,10622.546867973484,230,1
3,0,16,4,1000,1.7082185745239258,4000,2341.620715086057,16000,9366.482860344227,270,2
3,0,16,4,1000,1.3830103874206543,4000,2892.2414729365055,16000,11568.965891746022,190,3
3,0,16,4,1000,1.4401845932006836,3000,2083.0663056412536,12000,8332.265222565014,290,4
3,0,16,4,1000,1.9661362171173096,4000,2034.4470363628625,16000,8137.78814545145,220,5
3,0,16,4,1000,1.5178570747375488,4000,2635.294235915879,16000,10541.176943663517,340,6
15,3,16,4,1000,1.102553367614746,4000,3627.942299658078,16000,14511.769198632312,330,0
15,3,16,4,1000,1.922783613204956,4000,2080.3172923513084,16000,8321.269169405234,220,1
15,3,16,4,1000,1.2294771671295166,4000,3253.4154410845017,16000,13013.661764338007,270,2
15,3,16,4,1000,1.4947254657745361,4000,2676.07670544857,16000,10704.30682179428,210,3
15,3,16,4,1000,1.707245111465454,4000,2342.955896102409,16000,9371.823584409636,270,4
15,3,16,4,1000,2.0119807720184326,4000,1988.0905700640335,16000,7952.362280256134,220,5
15,3,16,4,1000,1.9997539520263672,4000,2000.2460782471599,16000,8000.984312988639,330,6
11,2,16,4,1000,1.519864797592163,4000,2631.8130443819587,16000,10527.252177527835,330,0
11,2,16,4,1000,2.0111732482910156,4000,1988.8888256638159,16000,7955.555302655263,220,1
11,2,16,4,1000,1.6036534309387207,4000,2494.3045191868823,16000,9977.21807674753,270,2
11,2,16,4,1000,1.6337482929229736,4000,2448.3575697230053,16000,9793.430278892021,200,3
11,2,16,4,1000,1.3825123310089111,4000,2893.2834161999367,16000,11573.133664799747,280,4
11,2,16,4,1000,1.6203584671020508,4000,2468.589562872373,16000,9874.358251489492,220,5
11,2,16,4,1000,1.7146081924438477,4000,2332.8944872815296,16000,9331.577949126118,340,6
10,2,16,4,1000,1.2555747032165527,4000,3185.7921235213894,16000,12743.168494085558,260,0
10,2,16,4,1000,1.927074909210205,4000,2075.6847494005124,16000,8302.73899760205,290,1
10,2,16,4,1000,1.5674512386322021,4000,2551.913515019773,16000,10207.654060079092,280,2
10,2,16,4,1000,1.5819873809814453,4000,2528.4651749361296,16000,10113.860699744519,290,3
10,2,16,4,1000,1.2838988304138184,4000,3115.510276390504,16000,12462.041105562015,220,4
10,2,16,4,1000,1.5708482265472412,4000,2546.394955540732,16000,10185.579822162928,290,5
10,2,16,4,1000,1.750178337097168,4000,2285.481379362956,16000,9141.925517451824,320,6
2,0,16,4,1000,1.643247127532959,3000,1825.6535792665356,12000,7302.614317066143,304,0
2,0,16,4,1000,1.511096715927124,4000,2647.084040246772,16000,10588.336160987088,316,1
2,0,16,4,1000,1.7000353336334229,4000,2352.892272804088,16000,9411.569091216352,220,2
2,0,16,4,1000,1.4087977409362793,4000,2839.3004075529125,16000,11357.20163021165,268,3
2,0,16,4,1000,1.4353766441345215,3000,2090.043761168267,12000,8360.175044673068,220,4
2,0,16,4,1000,2.010974168777466,4000,1989.0857188044963,16000,7956.342875217985,328,5
2,0,16,4,1000,1.5323162078857422,4000,2610.427259996888,16000,10441.709039987552,292,6
13,3,16,4,1000,1.064401388168335,4000,3757.980818573867,16000,15031.923274295468,244,0
13,3,16,4,1000,1.9414207935333252,4000,2060.3467384935775,16000,8241.38695397431,292,1
13,3,16,4,1000,1.2409465312957764,4000,3223.345969486102,16000,12893.383877944409,232,2
13,3,16,4,1000,1.4949941635131836,4000,2675.595729818865,16000,10702.38291927546,268,3
13,3,16,4,1000,1.7014100551605225,4000,2350.9911604599124,16000,9403.96464183965,316,4
13,3,16,4,1000,2.0013954639434814,4000,1998.6055090374475,16000,7994.42203614979,256,5
13,3,16,4,1000,2.030296802520752,4000,1970.1552970155533,16000,7880.621188062213,316,6
14,3,16,4,1000,1.5799474716186523,4000,2531.729739028608,16000,10126.918956114432,260,0
14,3,16,4,1000,1.9307396411895752,4000,2071.744897481622,16000,8286.979589926488,290,1
14,3,16,4,1000,1.2460501194000244,4000,3210.1437476094525,16000,12840.57499043781,280,2
14,3,16,4,1000,1.447338342666626,4000,2763.693797146466,16000,11054.775188585863,290,3
14,3,16,4,1000,1.7330143451690674,4000,2308.117074247168,16000,9232.468296988673,230,4
14,3,16,4,1000,2.008378744125366,4000,1991.6562111107035,16000,7966.624844442814,280,5
14,3,16,4,1000,2.024678945541382,4000,1975.6218677576232,16000,7902.487471030493,310,6
9,2,16,4,1000,1.2176783084869385,4000,3284.9398499759072,16000,13139.759399903629,256,0
9,2,16,4,1000,2.009230613708496,4000,1990.8117926876907,16000,7963.247170750763,304,1
9,2,16,4,1000,1.6114444732666016,4000,2482.245008350486,16000,9928.980033401944,268,2
9,2,16,4,1000,1.6325504779815674,4000,2450.1539486518486,16000,9800.615794607394,304,3
9,2,16,4,1000,1.3736670017242432,4000,2911.913873580098,16000,11647.655494320392,244,4
9,2,16,4,1000,1.643178939819336,4000,2434.305785613216,16000,9737.223142452864,232,5
9,2,16,4,1000,1.7320582866668701,4000,2309.391104670906,16000,9237.564418683623,340,6
8,2,16,4,1000,1.7101693153381348,4000,2338.949695872142,16000,9355.798783488568,290,0
8,2,16,4,1000,2.0109078884124756,4000,1989.15127990165,16000,7956.6051196066,340,1
8,2,16,4,1000,1.6039040088653564,4000,2493.91483398667,16000,9975.65933594668,200,2
8,2,16,4,1000,1.615356206893921,4000,2476.2340237583753,16000,9904.936095033501,270,3
8,2,16,4,1000,1.4069101810455322,4000,2843.109712254294,16000,11372.438849017177,230,4
8,2,16,4,1000,1.631587028503418,4000,2451.600760560729,16000,9806.403042242917,330,5
8,2,16,4,1000,1.8195135593414307,4000,2198.3897726202117,16000,8793.559090480847,270,6
4,1,16,4,1000,1.4128668308258057,4000,2831.123155224787,16000,11324.492620899147,250,0
4,1,16,4,1000,1.8903441429138184,4000,2116.0168189451,16000,8464.0672757804,280,1
4,1,16,4,1000,1.177952527999878,4000,3395.722582124646,16000,13582.890328498584,250,2
4,1,16,4,1000,1.3474884033203125,4000,2968.4856583134224,16000,11873.94263325369,240,3
4,1,16,4,1000,2.0543220043182373,4000,1947.1144210069783,16000,7788.457684027913,330,4
4,1,16,4,1000,1.1763811111450195,4000,3400.2586084594964,16000,13601.034433837985,260,5
4,1,16,4,1000,1.9575464725494385,4000,2043.374221808662,16000,8173.496887234648,310,6
5,1,16,4,1000,1.343010663986206,4000,2978.3829028784867,16000,11913.531611513947,250,0
5,1,16,4,1000,1.8203530311584473,4000,2197.375965833647,16000,8789.503863334588,280,1
5,1,16,4,1000,1.150890588760376,4000,3475.5693017773297,16000,13902.277207109319,250,2
5,1,16,4,1000,1.2906124591827393,4000,3099.303723236129,16000,12397.214892944516,250,3
5,1,16,4,1000,2.0123424530029297,4000,1987.7332479027,16000,7950.9329916108,320,4
5,1,16,4,1000,1.1686246395111084,4000,3422.827026540696,16000,13691.308106162784,260,5
5,1,16,4,1000,1.9783270359039307,4000,2021.9103957058005,16000,8087.641582823202,310,6
7,1,16,4,2000,1.6089470386505127,8000,4972.195981484832,32000,19888.78392593933,290,0
7,1,16,4,2000,1.9184222221374512,8000,4170.093479779769,32000,16680.373919119076,330,1
7,1,16,4,2000,1.390171766281128,8000,5754.684560599972,32000,23018.73824239989,210,2
7,1,16,4,2000,1.353626012802124,8000,5910.051908236679,32000,23640.207632946716,250,3
7,1,16,4,2000,2.181781768798828,8000,3666.7278617899397,32000,14666.911447159759,250,4
7,1,16,4,2000,1.270700454711914,8000,6295.74025124097,32000,25182.96100496388,300,5
7,1,16,4,2000,2.177478075027466,8000,3673.974995086502,32000,14695.899980346008,290,6
12,3,16,4,2000,1.7329034805297852,8000,4616.5294777723175,32000,18466.11791108927,290,0
12,3,16,4,2000,2.0563466548919678,8000,3890.394637970361,32000,15561.578551881445,330,1
12,3,16,4,2000,1.3826193809509277,8000,5786.118804799206,32000,23144.475219196825,210,2
12,3,16,4,2000,1.3995697498321533,8000,5716.042377280174,32000,22864.169509120697,240,3
12,3,16,4,2000,1.9354705810546875,8000,4133.36171487587,32000,16533.44685950348,260,4
12,3,16,4,2000,2.1933422088623047,8000,3647.4016538211026,32000,14589.60661528441,300,5
12,3,16,4,2000,2.143618583679199,8000,3732.0072054372667,32000,14928.028821749067,290,6
6,1,16,4,2000,1.8258044719696045,8000,4381.630192509016,32000,17526.520770036062,240,0
6,1,16,4,2000,1.922797441482544,8000,4160.604662460816,32000,16642.418649843265,300,1
6,1,16,4,2000,1.3879265785217285,8000,5763.993660616217,32000,23055.97464246487,240,2
6,1,16,4,2000,1.5624380111694336,8000,5120.203133058868,32000,20480.81253223547,240,3
6,1,16,4,2000,2.101858139038086,8000,3806.15601567725,32000,15224.624062709,340,4
6,1,16,4,2000,1.3739159107208252,8000,5822.772658483006,32000,23291.090633932025,250,5
6,1,16,4,2000,2.436774730682373,8000,3283.02813521041,32000,13132.11254084164,310,6
1,0,16,4,2000,1.7168638706207275,6000,3494.7441685232247,24000,13978.976674092899,292,0
1,0,16,4,2000,1.612706184387207,8000,4960.606015806794,32000,19842.424063227176,268,1
1,0,16,4,2000,1.9205796718597412,8000,4165.409077902724,32000,16661.636311610895,244,2
1,0,16,4,2000,1.4744584560394287,8000,5425.720858550979,32000,21702.883434203915,244,3
1,0,16,4,2000,1.2685189247131348,8000,6306.567323628329,32000,25226.269294513317,256,4
1,0,16,4,2000,2.1617238521575928,8000,3700.7502100766887,32000,14803.000840306755,244,5
1,0,16,4,2000,1.8979144096374512,8000,4215.153201523033,32000,16860.612806092133,304,6
0,0,16,4,2000,1.9475231170654297,6000,3080.8363440845474,24000,12323.34537633819,280,0
0,0,16,4,2000,1.6010410785675049,8000,4996.748744983994,32000,19986.994979935975,270,1
0,0,16,4,2000,1.9088656902313232,8000,4190.970606753654,32000,16763.882427014614,260,2
0,0,16,4,2000,1.514594316482544,8000,5281.942440256214,32000,21127.769761024854,310,3
0,0,16,4,2000,1.259559154510498,8000,6351.4285703469295,32000,25405.714281387718,210,4
0,0,16,4,2000,2.1735363006591797,8000,3680.637860786497,32000,14722.551443145989,280,5
0,0,16,4,2000,1.9817144870758057,8000,4036.9084710102234,32000,16147.633884040893,360,6
3,0,16,4,2000,1.9851515293121338,6000,3022.4393006810083,24000,12089.757202724033,300,0
3,0,16,4,2000,1.6243138313293457,8000,4925.156608100027,32000,19700.62643240011,250,1
3,0,16,4,2000,1.9219863414764404,8000,4162.3604847548095,32000,16649.441939019238,260,2
3,0,16,4,2000,1.5765941143035889,8000,5074.22926891602,32000,20296.91707566408,230,3
3,0,16,4,2000,1.2577266693115234,8000,6360.682487856588,32000,25442.72995142635,260,4
3,0,16,4,2000,2.214325189590454,8000,3612.838817716572,32000,14451.355270866288,270,5
3,0,16,4,2000,2.159041404724121,8000,3705.348115369852,32000,14821.392461479409,260,6
15,3,16,4,2000,1.1754961013793945,8000,6805.6372034006245,32000,27222.548813602498,290,0
15,3,16,4,2000,2.009485960006714,8000,3981.117638648877,32000,15924.470554595508,260,1
15,3,16,4,2000,1.3634002208709717,8000,5867.682781281504,32000,23470.731125126014,260,2
15,3,16,4,2000,1.3900816440582275,8000,5755.057650171299,32000,23020.230600685198,240,3
15,3,16,4,2000,1.9784636497497559,8000,4043.541563683453,32000,16174.166254733813,250,4
15,3,16,4,2000,2.5979089736938477,8000,3079.3996560338164,32000,12317.598624135266,270,5
15,3,16,4,2000,2.4813146591186523,8000,3224.0973431566113,32000,12896.389372626445,260,6
11,2,16,4,2000,1.188629388809204,8000,6730.441023349239,32000,26921.764093396956,290,0
11,2,16,4,2000,2.173548936843872,8000,3680.6164629614905,32000,14722.465851845962,260,1
11,2,16,4,2000,1.591855764389038,8000,5025.580947071821,32000,20102.323788287285,260,2
11,2,16,4,2000,2.093292474746704,8000,3821.7306451493496,32000,15286.922580597398,240,3
11,2,16,4,2000,1.305269479751587,8000,6129.002573110439,32000,24516.010292441755,250,4
11,2,16,4,2000,1.6467053890228271,8000,4858.1853519938295,32000,19432.741407975318,270,5
11,2,16,4,2000,1.8657984733581543,8000,4287.708514200472,32000,17150.834056801887,260,6
10,2,16,4,2000,1.1902189254760742,8000,6721.452523366733,32000,26885.81009346693,270,0
10,2,16,4,2000,2.0835461616516113,8000,3839.607754914564,32000,15358.431019658256,280,1
10,2,16,4,2000,1.5431735515594482,8000,5184.122026920193,32000,20736.488107680772,260,2
10,2,16,4,2000,2.032421112060547,8000,3936.192136820155,32000,15744.76854728062,310,3
10,2,16,4,2000,1.3549721240997314,8000,5904.180505053082,32000,23616.722020212328,210,4
10,2,16,4,2000,1.6445574760437012,8000,4864.530499259617,32000,19458.121997038466,290,5
10,2,16,4,2000,1.9648332595825195,8000,4071.592315013952,32000,16286.369260055808,330,6
2,0,16,4,2000,1.6775319576263428,6000,3576.682979255918,24000,14306.731917023671,304,0
2,0,16,4,2000,1.5417892932891846,8000,5188.776465643471,32000,20755.105862573884,316,1
2,0,16,4,2000,1.8164293766021729,8000,4404.245000135851,32000,17616.980000543404,220,2
2,0,16,4,2000,1.4020068645477295,8000,5706.106155607664,32000,22824.424622430655,268,3
2,0,16,4,2000,1.3036954402923584,8000,6136.4025314117625,32000,24545.61012564705,208,4
2,0,16,4,2000,2.549689531326294,8000,3137.636916851822,32000,12550.547667407289,328,5
2,0,16,4,2000,2.754607677459717,8000,2904.2248249948802,32000,11616.899299979521,292,6
13,3,16,4,2000,1.4464643001556396,8000,5530.72758113643,32000,22122.91032454572,244,0
13,3,16,4,2000,2.046590566635132,8000,3908.9401321501587,32000,15635.760528600635,292,1
13,3,16,4,2000,1.4613842964172363,8000,5474.261643301482,32000,21897.046573205927,232,2
13,3,16,4,2000,1.5523138046264648,8000,5153.597150368092,32000,20614.38860147237,268,3
13,3,16,4,2000,1.9414081573486328,8000,4120.720297644954,32000,16482.881190579817,316,4
13,3,16,4,2000,2.5190320014953613,8000,3175.8230920651254,32000,12703.292368260501,256,5
13,3,16,4,2000,2.402684211730957,8000,3329.609426382583,32000,13318.437705530332,316,6
14,3,16,4,2000,1.1500763893127441,8000,6956.059679462329,32000,27824.238717849315,260,0
14,3,16,4,2000,2.0174009799957275,8000,3965.498222379639,32000,15861.992889518557,290,1
14,3,16,4,2000,1.4713490009307861,8000,5437.187230860348,32000,21748.74892344139,260,2
14,3,16,4,2000,1.5378773212432861,8000,5201.975404340092,32000,20807.901617360367,310,3
14,3,16,4,2000,1.9203145503997803,8000,4165.984160425448,32000,16663.93664170179,210,4
14,3,16,4,2000,2.3082058429718018,8000,3465.895394190687,32000,13863.581576762748,290,5
14,3,16,4,2000,2.179979085922241,8000,3669.7599769016115,32000,14679.039907606446,330,6
9,2,16,4,2000,1.4978365898132324,8000,5341.036568613625,32000,21364.1462744545,256,0
9,2,16,4,2000,2.082019567489624,8000,3842.4230612039473,32000,15369.69224481579,304,1
9,2,16,4,2000,1.5530550479888916,8000,5151.137437375124,32000,20604.549749500497,268,2
9,2,16,4,2000,2.11869740486145,8000,3775.904941235887,32000,15103.619764943547,304,3
9,2,16,4,2000,1.4183297157287598,8000,5640.43741824127,32000,22561.74967296508,244,4
9,2,16,4,2000,1.7775263786315918,8000,4500.636444089628,32000,18002.54577635851,232,5
9,2,16,4,2000,1.8823449611663818,8000,4250.0180174429115,32000,17000.072069771646,340,6
8,2,16,4,2000,1.560009479522705,8000,5128.173966255417,32000,20512.69586502167,290,0
8,2,16,4,2000,2.087460994720459,8000,3832.4069384929107,32000,15329.627753971643,330,1
8,2,16,4,2000,1.6195039749145508,8000,4939.784109157312,32000,19759.136436629247,210,2
8,2,16,4,2000,2.3055245876312256,8000,3469.926125671673,32000,13879.704502686693,240,3
8,2,16,4,2000,1.6259424686431885,8000,4920.223288512671,32000,19680.893154050686,260,4
8,2,16,4,2000,1.9768586158752441,8000,4046.8245608237594,32000,16187.298243295038,300,5
8,2,16,4,2000,2.4126830101013184,8000,3315.8106417237327,32000,13263.24256689493,290,6
4,1,16,4,2000,1.4625654220581055,8000,5469.840787526954,32000,21879.363150107816,220,0
4,1,16,4,2000,1.902827262878418,8000,4204.270222562584,32000,16817.080890250338,320,1
4,1,16,4,2000,1.4015898704528809,8000,5707.80380812473,32000,22831.21523249892,240,2
4,1,16,4,2000,1.3887693881988525,8000,5760.495635906478,32000,23041.982543625913,250,3
4,1,16,4,2000,2.0624022483825684,8000,3878.9717215804876,32000,15515.88688632195,330,4
4,1,16,4,2000,1.2322909832000732,8000,6491.973169539236,32000,25967.892678156943,250,5
4,1,16,4,2000,2.147447347640991,8000,3725.3532706113338,32000,14901.413082445335,310,6
5,1,16,4,2000,1.405710220336914,8000,5691.073369362426,32000,22764.293477449704,230,0
5,1,16,4,2000,1.90647292137146,8000,4196.230594371641,32000,16784.922377486564,310,1
5,1,16,4,2000,1.3208136558532715,8000,6056.872568319899,32000,24227.490273279596,240,2
5,1,16,4,2000,1.3187150955200195,8000,6066.511278423863,32000,24266.04511369545,250,3
5,1,16,4,2000,2.15893292427063,8000,3705.5342989420137,32000,14822.137195768055,330,4
5,1,16,4,2000,1.421445608139038,8000,5628.073247539615,32000,22512.29299015846,250,5
5,1,16,4,2000,2.4706320762634277,8000,3238.0377786154068,32000,12952.151114461627,310,6
7,1,16,4,3000,1.4390177726745605,12000,8339.021399087227,48000,33356.08559634891,240,0
7,1,16,4,3000,2.0300955772399902,12000,5911.051742851713,48000,23644.206971406853,330,1
7,1,16,4,3000,1.490269422531128,9000,6039.176449526873,36000,24156.70579810749,210,2
7,1,16,4,3000,1.8749628067016602,9000,4800.0952167325095,36000,19200.380866930038,250,3
7,1,16,4,3000,2.5301427841186523,9000,3557.1115023593625,36000,14228.44600943745,210,4
7,1,16,4,3000,1.4756176471710205,9000,6099.140937528326,36000,24396.563750113302,350,5
7,1,16,4,3000,2.0850768089294434,9000,4316.387751979716,36000,17265.551007918864,320,6
12,3,16,4,3000,1.183403491973877,12000,10140.243865585022,48000,40560.97546234009,240,0
12,3,16,4,3000,2.13565993309021,12000,5618.872093852744,48000,22475.488375410976,330,1
12,3,16,4,3000,1.5485172271728516,12000,7749.34872497903,48000,30997.39489991612,200,2
12,3,16,4,3000,1.3948032855987549,12000,8603.363731573585,48000,34413.45492629434,260,3
12,3,16,4,3000,2.046405076980591,12000,5863.941667749202,48000,23455.766670996807,210,4
12,3,16,4,3000,2.366533041000366,12000,5070.708835287351,48000,20282.835341149403,350,5
12,3,16,4,3000,2.2192182540893555,12000,5407.309523471876,48000,21629.238093887503,320,6
6,1,16,4,3000,1.7085142135620117,12000,7023.646572410825,48000,28094.5862896433,230,0
6,1,16,4,3000,2.022245168685913,12000,5933.998600079628,48000,23735.994400318512,320,1
6,1,16,4,3000,1.5581142902374268,9000,5776.212987962887,36000,23104.85195185155,240,2
6,1,16,4,3000,1.9066839218139648,9000,4720.237002595404,36000,18880.948010381617,260,3
6,1,16,4,3000,2.5135953426361084,9000,3580.528594774264,36000,14322.114379097056,300,4
6,1,16,4,3000,1.2785272598266602,9000,7039.34932229775,36000,28157.397289191,260,5
6,1,16,4,3000,2.0813868045806885,9000,4324.040096820504,36000,17296.160387282016,310,6
1,0,16,4,3000,1.706038236618042,12000,7033.840005712974,48000,28135.360022851895,292,0
1,0,16,4,3000,1.7852919101715088,12000,6721.5898596925745,48000,26886.359438770298,268,1
1,0,16,4,3000,1.718770980834961,12000,6981.732955585814,48000,27926.931822343256,232,2
1,0,16,4,3000,1.7551391124725342,12000,6837.064888318239,48000,27348.259553272957,304,3
1,0,16,4,3000,1.7488815784454346,12000,6861.528046208076,48000,27446.112184832306,328,4
1,0,16,4,3000,2.3214852809906006,12000,5169.104494549921,48000,20676.417978199683,220,5
1,0,16,4,3000,1.7946598529815674,12000,6686.50384086084,48000,26746.01536344336,268,6
0,0,16,4,3000,1.4198122024536133,12000,8451.821993966876,48000,33807.287975867504,260,0
0,0,16,4,3000,1.682448387145996,12000,7132.462482463475,48000,28529.8499298539,290,1
0,0,16,4,3000,1.6322295665740967,12000,7351.907014640668,48000,29407.628058562674,280,2
0,0,16,4,3000,1.8316681385040283,12000,6551.405108679084,48000,26205.620434716337,290,3
0,0,16,4,3000,1.4197559356689453,12000,8452.156950726865,48000,33808.62780290746,230,4
0,0,16,4,3000,2.3779945373535156,12000,5046.268951212509,48000,20185.075804850036,240,5
0,0,16,4,3000,1.9798190593719482,12000,6061.159954590356,48000,24244.639818361426,350,6
3,0,16,4,3000,1.8939473628997803,12000,6335.973340688344,48000,25343.893362753377,280,0
3,0,16,4,3000,1.8697736263275146,12000,6417.889219867543,48000,25671.556879470172,270,1
3,0,16,4,3000,1.6023683547973633,12000,7488.914745522124,48000,29955.658982088495,230,2
3,0,16,4,3000,1.7235934734344482,12000,6962.198560713211,48000,27848.794242852844,320,3
3,0,16,4,3000,1.384138584136963,12000,8669.652112531949,48000,34678.608450127795,320,4
3,0,16,4,3000,2.3300957679748535,12000,5150.002916158897,48000,20600.01166463559,220,5
3,0,16,4,3000,1.979485273361206,12000,6062.182003316325,48000,24248.7280132653,280,6
15,3,16,4,3000,1.1462500095367432,12000,10468.920305483616,48000,41875.681221934465,280,0
15,3,16,4,3000,2.095261573791504,12000,5727.208550045266,48000,22908.834200181063,270,1
15,3,16,4,3000,1.7722651958465576,12000,6770.995688525025,48000,27083.9827541001,230,2
15,3,16,4,3000,1.9389560222625732,12000,6188.897459364326,48000,24755.589837457304,330,3
15,3,16,4,3000,2.4929137229919434,12000,4813.64432684732,48000,19254.57730738928,310,4
15,3,16,4,3000,2.992851972579956,12000,4009.5534660391268,48000,16038.213864156507,220,5
15,3,16,4,3000,2.5473079681396484,12000,4710.855597395178,48000,18843.42238958071,270,6
11,2,16,4,3000,1.3336975574493408,12000,8997.542158620778,48000,35990.16863448311,270,0
11,2,16,4,3000,2.198234796524048,12000,5458.925506490464,48000,21835.702025961855,280,1
11,2,16,4,3000,1.5661437511444092,12000,7662.131902790778,48000,30648.527611163114,230,2
11,2,16,4,3000,2.176017999649048,12000,5514.660265648254,48000,22058.641062593015,320,3
11,2,16,4,3000,1.3491389751434326,12000,8894.561806521251,48000,35578.247226085005,320,4
11,2,16,4,3000,1.8193151950836182,12000,6595.888404839307,48000,26383.55361935723,220,5
11,2,16,4,3000,2.3343100547790527,12000,5140.705269821504,48000,20562.821079286015,280,6
10,2,16,4,3000,1.7134346961975098,12000,7003.476716463518,48000,28013.90686585407,260,0
10,2,16,4,3000,2.2673897743225098,12000,5292.429266417403,48000,21169.71706566961,290,1
10,2,16,4,3000,1.5379345417022705,12000,7802.672789127774,48000,31210.691156511097,280,2
10,2,16,4,3000,2.1548736095428467,12000,5568.7720833639905,48000,22275.088333455962,290,3
10,2,16,4,3000,1.3222112655639648,12000,9075.705458372131,48000,36302.821833488524,230,4
10,2,16,4,3000,1.7814826965332031,12000,6735.962141732958,48000,26943.848566931832,240,5
10,2,16,4,3000,2.1853322982788086,12000,5491.155742973886,48000,21964.622971895544,340,6
2,0,16,4,3000,1.4120042324066162,12000,8498.558095358703,48000,33994.23238143481,244,0
2,0,16,4,3000,1.88671875,12000,6360.248447204969,48000,25440.993788819876,316,1
2,0,16,4,3000,1.6077203750610352,12000,7463.984525010722,48000,29855.938100042888,220,2
2,0,16,4,3000,1.7522661685943604,12000,6848.274660022801,48000,27393.098640091204,268,3
2,0,16,4,3000,1.4420866966247559,12000,8321.275016326226,48000,33285.100065304905,208,4
2,0,16,4,3000,2.3528528213500977,12000,5100.191516915301,48000,20400.766067661203,328,5
2,0,16,4,3000,1.7832636833190918,12000,6729.234780167256,48000,26916.939120669023,292,6
13,3,16,4,3000,1.835728406906128,12000,6536.914695471962,48000,26147.658781887847,244,0
13,3,16,4,3000,2.0739920139312744,12000,5785.94320488914,48000,23143.77281955656,292,1
13,3,16,4,3000,1.7334840297698975,12000,6922.4750813498285,48000,27689.900325399314,232,2
13,3,16,4,3000,1.814255714416504,12000,6614.28259789685,48000,26457.1303915874,268,3
13,3,16,4,3000,2.3813459873199463,12000,5039.166951756237,48000,20156.667807024947,316,4
13,3,16,4,3000,2.5568838119506836,12000,4693.212864782083,48000,18772.85145912833,256,5
13,3,16,4,3000,2.4123480319976807,12000,4974.406611662383,48000,19897.62644664953,316,6
14,3,16,4,3000,1.4649755954742432,12000,8191.2627330254945,48000,32765.050932101978,270,0
14,3,16,4,3000,2.106049060821533,12000,5697.8729618573125,48000,22791.49184742925,280,1
14,3,16,4,3000,1.5232157707214355,12000,7878.069693511958,48000,31512.27877404783,280,2
14,3,16,4,3000,1.392915964126587,12000,8615.020797413626,48000,34460.083189654506,290,3
14,3,16,4,3000,2.061445474624634,12000,5821.158089172874,48000,23284.632356691494,240,4
14,3,16,4,3000,2.354109048843384,12000,5097.469892440121,48000,20389.879569760484,230,5
14,3,16,4,3000,2.2806875705718994,12000,5261.571183549227,48000,21046.284734196906,340,6
9,2,16,4,3000,1.5221478939056396,12000,7883.59662556147,48000,31534.38650224588,256,0
9,2,16,4,3000,2.194296360015869,12000,5468.723468106749,48000,21874.893872426997,304,1
9,2,16,4,3000,1.722259759902954,12000,6967.590069384293,48000,27870.360277537173,268,2
9,2,16,4,3000,2.6843948364257812,12000,4470.281285437787,48000,17881.12514175115,304,3
9,2,16,4,3000,2.0382306575775146,12000,5887.459280129897,48000,23549.837120519587,244,4
9,2,16,4,3000,2.234631061553955,12000,5370.01396179253,48000,21480.05584717012,232,5
9,2,16,4,3000,2.7331490516662598,12000,4390.539913176056,48000,17562.159652704224,340,6
8,2,16,4,3000,1.3479564189910889,12000,8902.36496591017,48000,35609.45986364068,240,0
8,2,16,4,3000,2.247126817703247,12000,5340.152547449463,48000,21360.61018979785,330,1
8,2,16,4,3000,1.8614177703857422,12000,6446.698957597915,48000,25786.79583039166,200,2
8,2,16,4,3000,2.7388603687286377,12000,4381.38436592528,48000,17525.53746370112,260,3
8,2,16,4,3000,2.2701303958892822,12000,5286.039965690701,48000,21144.159862762805,220,4
8,2,16,4,3000,2.3742403984069824,12000,5054.248090484648,48000,20216.99236193859,340,5
8,2,16,4,3000,3.064116954803467,12000,3916.299598547694,48000,15665.198394190777,330,6
4,1,16,4,3000,1.4397499561309814,12000,8334.780597769504,48000,33339.12239107802,230,0
4,1,16,4,3000,2.0259017944335938,12000,5923.28810457221,48000,23693.15241828884,320,1
4,1,16,4,3000,1.4687402248382568,9000,6127.7003569444105,36000,24510.801427777642,240,2
4,1,16,4,3000,1.6694386005401611,9000,5391.033846400804,36000,21564.135385603215,250,3
4,1,16,4,3000,2.4896132946014404,9000,3615.019256008914,36000,14460.077024035656,310,4
4,1,16,4,3000,1.628105878829956,9000,5527.896015256625,36000,22111.5840610265,260,5
4,1,16,4,3000,2.0614736080169678,9000,4365.80898489287,36000,17463.23593957148,310,6
5,1,16,4,3000,1.4586853981018066,12000,8226.585400536434,48000,32906.34160214574,230,0
5,1,16,4,3000,2.1347711086273193,12000,5621.211544181019,48000,22484.846176724077,320,1
5,1,16,4,3000,1.4905540943145752,9000,6038.023064260952,36000,24152.09225704381,240,2
5,1,16,4,3000,1.7329788208007812,9000,5193.369873869115,36000,20773.47949547646,250,3
5,1,16,4,3000,2.4623000621795654,9000,3655.119105196882,36000,14620.476420787529,310,4
5,1,16,4,3000,1.4233598709106445,9000,6323.067120223035,36000,25292.26848089214,260,5
5,1,16,4,3000,1.9069759845733643,9000,4719.514075062415,36000,18878.05630024966,310,6
7,1,16,4,4000,1.5740430355072021,16000,10164.906320267373,64000,40659.62528106949,240,0
7,1,16,4,4000,2.2496540546417236,16000,7112.204637413966,64000,28448.818549655865,350,1
7,1,16,4,4000,1.5012211799621582,16000,10657.989784292356,64000,42631.959137169426,190,2
7,1,16,4,4000,1.693925380706787,16000,9445.516421345568,64000,37782.06568538227,270,3
7,1,16,4,4000,2.1853384971618652,16000,7321.520222509905,64000,29286.08089003962,210,4
7,1,16,4,4000,1.7049503326416016,16000,9384.43759544013,64000,37537.75038176052,310,5
7,1,16,4,4000,2.4145491123199463,16000,6626.4959856736505,64000,26505.983942694602,290,6
12,3,16,4,4000,1.1675586700439453,16000,13703.808134453562,64000,54815.23253781425,240,0
12,3,16,4,4000,2.3593006134033203,16000,6781.670766795505,64000,27126.68306718202,350,1
12,3,16,4,4000,1.5183320045471191,16000,10537.879694350779,64000,42151.518777403115,190,2
12,3,16,4,4000,1.8036167621612549,16000,8871.064150472503,64000,35484.25660189001,260,3
12,3,16,4,4000,2.2911570072174072,16000,6983.371261593233,64000,27933.48504637293,220,4
12,3,16,4,4000,2.136644124984741,16000,7488.378533844172,64000,29953.51413537669,310,5
12,3,16,4,4000,2.3168795108795166,16000,6905.8403446824905,64000,27623.361378729962,290,6
6,1,16,4,4000,1.8734076023101807,16000,8540.586672259524,64000,34162.346689038095,220,0
6,1,16,4,4000,2.24381422996521,16000,7130.715095005025,64000,28522.8603800201,320,1
6,1,16,4,4000,1.4714434146881104,16000,10873.676717899061,64000,43494.706871596245,230,2
6,1,16,4,4000,1.8900620937347412,16000,8465.330347102079,64000,33861.321388408316,280,3
6,1,16,4,4000,2.6178479194641113,16000,6111.89056516136,64000,24447.56226064544,320,4
6,1,16,4,4000,1.8425421714782715,16000,8683.654706889667,64000,34734.61882755867,240,5
6,1,16,4,4000,2.273216962814331,16000,7038.483462744963,64000,28153.93385097985,310,6
1,0,16,4,4000,1.4613096714019775,16000,10949.08239719623,64000,43796.32958878492,292,0
1,0,16,4,4000,2.1294429302215576,16000,7513.702186108966,64000,30054.808744435864,268,1
1,0,16,4,4000,1.8137664794921875,16000,8821.422261855687,64000,35285.68904742275,244,2
1,0,16,4,4000,1.8785910606384277,16000,8517.021258773848,64000,34068.08503509539,244,3
1,0,16,4,4000,1.8360235691070557,16000,8714.48508026591,64000,34857.94032106364,256,4
1,0,16,4,4000,2.597327947616577,16000,6160.177044520815,64000,24640.70817808326,244,5
1,0,16,4,4000,2.1977899074554443,16000,7280.040710772245,64000,29120.16284308898,304,6
0,0,16,4,4000,1.472581148147583,16000,10865.275587784769,64000,43461.102351139074,250,0
0,0,16,4,4000,1.872877836227417,16000,8543.0024801987,64000,34172.0099207948,300,1
0,0,16,4,4000,1.5308125019073486,16000,10451.965854776112,64000,41807.86341910445,280,2
0,0,16,4,4000,2.048823833465576,16000,7809.358588403413,64000,31237.43435361365,300,3
0,0,16,4,4000,2.021815776824951,16000,7913.678478227287,64000,31654.71391290915,200,4
0,0,16,4,4000,2.4913597106933594,16000,6422.195852058277,64000,25688.783408233106,300,5
0,0,16,4,4000,1.9068703651428223,16000,8390.711971026734,64000,33562.84788410694,320,6
3,0,16,4,4000,1.690361499786377,16000,9465.430916417603,64000,37861.72366567041,320,0
3,0,16,4,4000,2.151176691055298,16000,7437.789776418094,64000,29751.159105672377,240,1
3,0,16,4,4000,1.6330132484436035,16000,9797.838453086233,64000,39191.35381234493,250,2
3,0,16,4,4000,1.8000340461730957,16000,8888.72076281906,64000,35554.88305127624,230,3
3,0,16,4,4000,1.6261441707611084,16000,9839.225997109028,64000,39356.90398843611,260,4
3,0,16,4,4000,2.9082798957824707,16000,5501.53374962392,64000,22006.13499849568,250,5
3,0,16,4,4000,2.5574629306793213,16000,6256.200161521024,64000,25024.800646084095,300,6
15,3,16,4,4000,1.1298577785491943,16000,14161.07434383907,64000,56644.29737535628,320,0
15,3,16,4,4000,2.2467899322509766,16000,7121.271005505257,64000,28485.084022021027,240,1
15,3,16,4,4000,1.5777595043182373,16000,10140.96252071936,64000,40563.85008287744,260,2
15,3,16,4,4000,1.7192888259887695,16000,9306.17343528557,64000,37224.69374114228,220,3
15,3,16,4,4000,2.3843696117401123,16000,6710.369030547745,64000,26841.47612219098,260,4
15,3,16,4,4000,2.394577741622925,16000,6681.762601349498,64000,26727.050405397993,240,5
15,3,16,4,4000,3.1860039234161377,16000,5021.964939341405,64000,20087.85975736562,310,6
11,2,16,4,4000,1.3513603210449219,16000,11839.921411654448,64000,47359.68564661779,320,0
11,2,16,4,4000,2.26309871673584,16000,7069.952309936111,64000,28279.809239744445,240,1
11,2,16,4,4000,1.58437180519104,16000,10098.639692765017,64000,40394.55877106007,250,2
11,2,16,4,4000,2.3034346103668213,16000,6946.148993329576,64000,27784.595973318304,230,3
11,2,16,4,4000,1.36765718460083,16000,11698.838115393533,64000,46795.35246157413,260,4
11,2,16,4,4000,2.096175193786621,16000,7632.9497875112775,64000,30531.79915004511,250,5
11,2,16,4,4000,2.340770959854126,16000,6835.354793105046,64000,27341.419172420185,300,6
10,2,16,4,4000,1.327364444732666,16000,12053.961565335158,64000,48215.84626134063,250,0
10,2,16,4,4000,2.2029409408569336,16000,7263.018133285078,64000,29052.072533140312,300,1
10,2,16,4,4000,1.610208511352539,16000,9936.601307963749,64000,39746.405231854995,280,2
10,2,16,4,4000,2.3882675170898438,16000,6699.416998099254,64000,26797.667992397015,300,3
10,2,16,4,4000,1.5942459106445312,16000,10036.0928594331,64000,40144.3714377324,200,4
10,2,16,4,4000,2.0638580322265625,16000,7752.471221452494,64000,31009.884885809977,300,5
10,2,16,4,4000,2.2192859649658203,16000,7209.526060444589,64000,28838.104241778357,320,6
2,0,16,4,4000,1.7645585536956787,16000,9067.423671767488,64000,36269.694687069954,244,0
2,0,16,4,4000,1.9941201210021973,16000,8023.588865829598,64000,32094.355463318392,316,1
2,0,16,4,4000,1.6914708614349365,16000,9459.222954882365,64000,37836.89181952946,220,2
2,0,16,4,4000,1.8371403217315674,16000,8709.187758134585,64000,34836.75103253834,268,3
2,0,16,4,4000,1.6875288486480713,16000,9481.31939363174,64000,37925.27757452696,208,4
2,0,16,4,4000,2.4257140159606934,16000,6595.996022088066,64000,26383.984088352263,328,5
2,0,16,4,4000,1.7995779514312744,16000,8890.973568149453,64000,35563.89427259781,292,6
13,3,16,4,4000,1.7791237831115723,16000,8993.191003279737,64000,35972.76401311895,244,0
13,3,16,4,4000,2.3884830474853516,16000,6698.812460421336,64000,26795.249841685345,292,1
13,3,16,4,4000,1.7592811584472656,16000,9094.623632598632,64000,36378.49453039453,232,2
13,3,16,4,4000,1.9187400341033936,16000,8338.805526344599,64000,33355.222105378394,268,3
13,3,16,4,4000,2.2062506675720215,16000,7252.122451529045,64000,29008.48980611618,316,4
13,3,16,4,4000,2.1797139644622803,16000,7340.412669213268,64000,29361.65067685307,256,5
13,3,16,4,4000,2.9848573207855225,16000,5360.390223204804,64000,21441.560892819216,316,6
14,3,16,4,4000,1.523496389389038,16000,10502.158135351025,64000,42008.6325414041,250,0
14,3,16,4,4000,2.2086687088012695,16000,7244.182858317317,64000,28976.73143326927,300,1
14,3,16,4,4000,1.5383741855621338,16000,10400.590539130424,64000,41602.362156521696,280,2
14,3,16,4,4000,1.9962146282196045,16000,8015.170199544211,64000,32060.680798176843,290,3
14,3,16,4,4000,2.2500879764556885,16000,7110.833072937445,64000,28443.33229174978,200,4
14,3,16,4,4000,2.503061056137085,16000,6392.173279501389,64000,25568.693118005554,310,5
14,3,16,4,4000,2.423684597015381,16000,6601.519034161054,64000,26406.076136644217,320,6
9,2,16,4,4000,1.9353094100952148,16000,8267.411875609503,64000,33069.64750243801,256,0
9,2,16,4,4000,2.3791518211364746,16000,6725.085746044198,64000,26900.34298417679,304,1
9,2,16,4,4000,1.532982587814331,16000,10437.170080850166,64000,41748.680323400666,268,2
9,2,16,4,4000,2.3167073726654053,16000,6906.3534690580145,64000,27625.413876232058,304,3
9,2,16,4,4000,1.3460309505462646,16000,11886.799477758414,64000,47547.197911033654,244,4
9,2,16,4,4000,2.0374488830566406,16000,7852.957751752932,64000,31411.83100701173,232,5
9,2,16,4,4000,2.3613181114196777,16000,6775.876542267504,64000,27103.506169070017,340,6
8,2,16,4,4000,1.3139488697052002,16000,12177.033953832455,64000,48708.13581532982,240,0
8,2,16,4,4000,2.3825645446777344,16000,6715.452907977425,64000,26861.8116319097,350,1
8,2,16,4,4000,1.6080641746520996,16000,9949.851661524364,64000,39799.40664609746,190,2
8,2,16,4,4000,2.397979974746704,16000,6672.282574707515,64000,26689.13029883006,270,3
8,2,16,4,4000,1.728846788406372,16000,9254.724078094037,64000,37018.89631237615,210,4
8,2,16,4,4000,2.080092430114746,16000,7691.965880149555,64000,30767.86352059822,310,5
8,2,16,4,4000,2.2059695720672607,16000,7253.046552680263,64000,29012.18621072105,300,6
4,1,16,4,4000,1.73921799659729,16000,9199.536821320477,64000,36798.147285281906,220,0
4,1,16,4,4000,2.050459861755371,16000,7803.127629283421,64000,31212.510517133684,320,1
4,1,16,4,4000,1.6723151206970215,16000,9567.574796149182,64000,38270.299184596726,230,2
4,1,16,4,4000,2.2682411670684814,16000,7053.923644582604,64000,28215.694578330415,280,3
4,1,16,4,4000,3.203915596008301,16000,4993.889358363281,64000,19975.557433453123,320,4
4,1,16,4,4000,1.6152896881103516,16000,9905.343987379512,64000,39621.37594951805,240,5
4,1,16,4,4000,2.7427449226379395,16000,5833.572005890869,64000,23334.288023563477,310,6
5,1,16,4,4000,1.492109775543213,16000,10723.071628007456,64000,42892.28651202982,220,0
5,1,16,4,4000,1.987034559249878,16000,8052.200162054622,64000,32208.800648218486,320,1
5,1,16,4,4000,1.4474155902862549,16000,11054.185202493007,64000,44216.74080997203,230,2
5,1,16,4,4000,1.625225305557251,16000,9844.788870373872,64000,39379.15548149549,280,3
5,1,16,4,4000,2.278266429901123,16000,7022.883623270699,64000,28091.534493082796,320,4
5,1,16,4,4000,1.6922519207000732,16000,9454.857048341188,64000,37819.42819336475,240,5
5,1,16,4,4000,2.208357334136963,16000,7245.204275898076,64000,28980.817103592304,310,6
7,1,16,4,5000,1.852172613143921,20000,10798.12964411105,80000,43192.5185764442,230,0
7,1,16,4,5000,2.165339708328247,20000,9236.426008850603,80000,36945.704035402414,320,1
7,1,16,4,5000,2.3021273612976074,20000,8687.616652419649,80000,34750.466609678595,230,2
7,1,16,4,5000,2.07275128364563,20000,9649.011030799256,80000,38596.044123197025,270,3
7,1,16,4,5000,2.5918996334075928,20000,7716.348172674351,80000,30865.392690697405,210,4
7,1,16,4,5000,2.7206060886383057,20000,7351.303109819264,80000,29405.212439277057,350,5
7,1,16,4,5000,2.521604299545288,20000,7931.458557397974,80000,31725.834229591896,260,6
12,3,16,4,5000,2.3018503189086914,20000,8688.662262575792,80000,34754.64905030317,230,0
12,3,16,4,5000,2.1997203826904297,20000,9092.06468121118,80000,36368.25872484472,310,1
12,3,16,4,5000,2.01509165763855,20000,9925.106842751582,80000,39700.42737100633,250,2
12,3,16,4,5000,1.7854604721069336,20000,11201.592145245864,80000,44806.36858098346,260,3
12,3,16,4,5000,2.5731656551361084,20000,7772.527182647358,80000,31090.108730589433,210,4
12,3,16,4,5000,2.7284984588623047,20000,7330.038957888711,80000,29320.155831554843,350,5
12,3,16,4,5000,2.5579898357391357,20000,7818.639355234563,80000,31274.55742093825,250,6
6,1,16,4,5000,1.5555410385131836,20000,12857.262846061836,80000,51429.051384247345,250,0
6,1,16,4,5000,2.19392991065979,20000,9116.061503526023,80000,36464.246014104094,290,1
6,1,16,4,5000,2.3330442905426025,20000,8572.490492818097,80000,34289.96197127239,210,2
6,1,16,4,5000,2.311901569366455,20000,8650.887332318705,80000,34603.54932927482,270,3
6,1,16,4,5000,2.3626766204833984,20000,8464.975624090293,80000,33859.902496361174,340,4
6,1,16,4,5000,2.7764241695404053,20000,7203.510263098846,80000,28814.041052395383,250,5
6,1,16,4,5000,2.5907227993011475,20000,7719.853318693547,80000,30879.41327477419,310,6
1,0,16,4,5000,1.2918848991394043,20000,15481.255345056748,80000,61925.021380226994,292,0
1,0,16,4,5000,2.1624996662139893,20000,9248.556340827157,80000,36994.22536330863,268,1
1,0,16,4,5000,2.299685478210449,20000,8696.841454842528,80000,34787.36581937011,244,2
1,0,16,4,5000,2.26350998878479,20000,8835.834654627433,80000,35343.33861850973,244,3
1,0,16,4,5000,2.103024959564209,20000,9510.11061901254,80000,38040.44247605016,256,4
1,0,16,4,5000,2.5899806022644043,20000,7722.065556210777,80000,30888.262224843107,244,5
1,0,16,4,5000,2.3819737434387207,20000,8396.398178229761,80000,33585.592712919046,304,6
0,0,16,4,5000,1.6867973804473877,20000,11856.788629050052,80000,47427.15451620021,270,0
0,0,16,4,5000,2.177713632583618,20000,9183.943977185005,80000,36735.77590874002,280,1
0,0,16,4,5000,1.7388930320739746,20000,11501.570039731561,80000,46006.280158926245,270,2
0,0,16,4,5000,1.7755498886108398,20000,11264.116051195644,80000,45056.46420478258,320,3
0,0,16,4,5000,3.0818018913269043,20000,6489.709820831077,80000,25958.83928332431,250,4
0,0,16,4,5000,2.5942087173461914,20000,7709.479914345321,80000,30837.919657381284,230,5
0,0,16,4,5000,2.248417377471924,20000,8895.145625714566,80000,35580.58250285826,310,6
3,0,16,4,5000,1.2900047302246094,20000,15503.819118956018,80000,62015.276475824074,270,0
3,0,16,4,5000,2.2833240032196045,20000,8759.159879105624,80000,35036.639516422496,280,1
3,0,16,4,5000,1.7642438411712646,20000,11336.301441597887,80000,45345.20576639155,230,2
3,0,16,4,5000,1.8841617107391357,20000,10614.800144810406,80000,42459.200579241624,290,3
3,0,16,4,5000,1.593860387802124,20000,12548.150486115837,80000,50192.60194446335,230,4
3,0,16,4,5000,2.753892183303833,20000,7262.448443426744,80000,29049.793773706977,240,5
3,0,16,4,5000,3.416733980178833,20000,5853.543212911528,80000,23414.17285164611,300,6
15,3,16,4,5000,1.5003509521484375,20000,13330.214488390779,80000,53320.857953563114,270,0
15,3,16,4,5000,2.0411808490753174,20000,9798.249875340674,80000,39192.9995013627,280,1
15,3,16,4,5000,1.5269508361816406,20000,13097.998655944199,80000,52391.994623776794,230,2
15,3,16,4,5000,1.7391562461853027,20000,11499.829324632774,80000,45999.317298531096,280,3
15,3,16,4,5000,3.2659614086151123,20000,6123.771073118936,80000,24495.084292475745,240,4
15,3,16,4,5000,2.499011993408203,20000,8003.1628710687355,80000,32012.651484274942,240,5
15,3,16,4,5000,3.127706527709961,20000,6394.461827799288,80000,25577.84731119715,300,6
11,2,16,4,5000,1.3914997577667236,20000,14372.981301914733,80000,57491.92520765893,270,0
11,2,16,4,5000,2.3038675785064697,20000,8681.054495747285,80000,34724.21798298914,280,1
11,2,16,4,5000,1.6631977558135986,20000,12025.028250604182,80000,48100.11300241673,230,2
11,2,16,4,5000,2.4056406021118164,20000,8313.793832064022,80000,33255.17532825609,290,3
11,2,16,4,5000,1.700958490371704,20000,11758.076468773483,80000,47032.30587509393,230,4
11,2,16,4,5000,2.294724225997925,15000,6536.733185651898,60000,26146.93274260759,240,5
11,2,16,4,5000,2.0807759761810303,15000,7208.8490888530805,60000,28835.396355412322,300,6
10,2,16,4,5000,1.5395424365997314,20000,12990.87282333864,80000,51963.49129335456,270,0
10,2,16,4,5000,2.3517441749572754,20000,8504.326368901644,80000,34017.305475606576,280,1
10,2,16,4,5000,2.52978515625,20000,7905.809689249179,80000,31623.238756996718,270,2
10,2,16,4,5000,2.531873941421509,20000,7899.287430072878,80000,31597.149720291512,320,3
10,2,16,4,5000,1.6997065544128418,20000,11766.736998263172,80000,47066.94799305269,250,4
10,2,16,4,5000,2.2158775329589844,15000,6769.3271748505285,60000,27077.308699402114,230,5
10,2,16,4,5000,2.503676652908325,15000,5991.188991028724,60000,23964.755964114895,310,6
2,0,16,4,5000,1.646158218383789,20000,12149.500440872662,80000,48598.00176349065,244,0
2,0,16,4,5000,2.2748420238494873,20000,8791.819295722347,80000,35167.27718288939,316,1
2,0,16,4,5000,2.3549087047576904,20000,8492.898242549029,80000,33971.592970196114,220,2
2,0,16,4,5000,2.6989850997924805,20000,7410.192817121429,80000,29640.771268485714,268,3
2,0,16,4,5000,1.6843822002410889,20000,11873.789688075165,80000,47495.15875230066,208,4
2,0,16,4,5000,2.9886231422424316,20000,6692.044813985328,80000,26768.17925594131,328,5
2,0,16,4,5000,2.2051773071289062,20000,9069.565488155496,80000,36278.261952621986,292,6
13,3,16,4,5000,1.8005890846252441,20000,11107.475975931839,80000,44429.903903727354,244,0
13,3,16,4,5000,2.220937728881836,20000,9005.205206752598,80000,36020.82082701039,292,1
13,3,16,4,5000,2.1550917625427246,20000,9280.347290828411,80000,37121.389163313645,232,2
13,3,16,4,5000,2.3365771770477295,20000,8559.528953916277,80000,34238.11581566511,268,3
13,3,16,4,5000,2.3223042488098145,20000,8612.135989610337,80000,34448.54395844135,316,4
13,3,16,4,5000,2.40533709526062,20000,8314.842871465791,80000,33259.371485863165,256,5
13,3,16,4,5000,2.6318717002868652,20000,7599.154623616367,80000,30396.618494465467,316,6
14,3,16,4,5000,1.40187668800354,20000,14266.590044009274,80000,57066.360176037095,280,0
14,3,16,4,5000,2.063000202178955,20000,9694.618536089265,80000,38778.47414435706,270,1
14,3,16,4,5000,1.5267572402954102,20000,13099.659508495422,80000,52398.63803398169,270,2
14,3,16,4,5000,2.299736976623535,20000,8696.646704947938,80000,34786.58681979175,310,3
14,3,16,4,5000,2.328407049179077,20000,8589.56341291415,80000,34358.2536516566,260,4
14,3,16,4,5000,2.4597160816192627,20000,8131.019734128722,80000,32524.07893651489,230,5
14,3,16,4,5000,2.7328882217407227,20000,7318.264918738949,80000,29273.059674955795,310,6
9,2,16,4,5000,1.952538251876831,20000,10243.077174429476,80000,40972.308697717905,256,0
9,2,16,4,5000,2.430147886276245,20000,8229.951811964136,80000,32919.807247856545,304,1
9,2,16,4,5000,1.8235623836517334,20000,10967.54362740772,80000,43870.17450963088,268,2
9,2,16,4,5000,2.765949249267578,20000,7230.790660853951,80000,28923.162643415802,304,3
9,2,16,4,5000,1.8736228942871094,20000,10674.50662616383,80000,42698.02650465532,244,4
9,2,16,4,5000,2.4600982666015625,15000,6097.317413552489,60000,24389.269654209955,256,5
9,2,16,4,5000,2.0440080165863037,15000,7338.523077346579,60000,29354.092309386317,292,6
8,2,16,4,5000,1.9004032611846924,20000,10524.082129564544,80000,42096.328518258175,230,0
8,2,16,4,5000,2.3335888385772705,20000,8570.490083503095,80000,34281.96033401238,310,1
8,2,16,4,5000,1.607313871383667,20000,12443.120386177508,80000,49772.48154471003,250,2
8,2,16,4,5000,2.7543952465057373,20000,7261.122028645768,80000,29044.488114583073,260,3
8,2,16,4,5000,1.6718261241912842,20000,11962.96654933218,80000,47851.86619732872,200,4
8,2,16,4,5000,2.408704996109009,15000,6227.412665407681,60000,24909.650661630723,360,5
8,2,16,4,5000,2.926138162612915,15000,5126.210440660002,60000,20504.841762640008,250,6
4,1,16,4,5000,1.7960517406463623,20000,11135.536659318293,80000,44542.146637273174,250,0
4,1,16,4,5000,2.1754560470581055,20000,9193.474640430559,80000,36773.898561722235,290,1
4,1,16,4,5000,1.1841843128204346,20000,16889.26274691559,80000,67557.05098766235,210,2
4,1,16,4,5000,2.030029773712158,20000,9852.072249870282,80000,39408.28899948113,270,3
4,1,16,4,5000,2.407052993774414,20000,8308.915529374663,80000,33235.66211749865,340,4
4,1,16,4,5000,1.8231215476989746,20000,10970.195610513572,80000,43880.78244205429,250,5
4,1,16,4,5000,2.4622604846954346,20000,8122.617458353058,80000,32490.469833412233,310,6
5,1,16,4,5000,1.6190392971038818,20000,12353.004671211971,80000,49412.018684847884,250,0
5,1,16,4,5000,2.1282100677490234,20000,9397.568549778409,80000,37590.274199113635,290,1
5,1,16,4,5000,1.1357572078704834,20000,17609.39737947999,80000,70437.58951791996,210,2
5,1,16,4,5000,2.0263233184814453,20000,9870.093196671238,80000,39480.37278668495,270,3
5,1,16,4,5000,2.551486015319824,20000,7838.569319962758,80000,31354.27727985103,350,4
5,1,16,4,5000,1.844750165939331,20000,10841.57647429519,80000,43366.30589718076,240,5
5,1,16,4,5000,2.694446086883545,20000,7422.6758877675065,80000,29690.703551070026,310,6
