id,node,batchsize,delay,tx,send,round
7,16,1000,19.75233745574951,16000,5590,0
7,16,1000,15.745283603668213,16000,4580,1
7,16,1000,12.546548843383789,16000,4180,2
7,16,1000,14.30818510055542,16000,4130,3
7,16,1000,15.786919355392456,16000,4540,4
7,16,1000,14.673965215682983,16000,4410,5
7,16,1000,23.86579442024231,16000,6900,6
12,16,1000,19.99856996536255,16000,5590,0
12,16,1000,15.753594160079956,16000,4580,1
12,16,1000,12.581470251083374,16000,4190,2
12,16,1000,14.387378215789795,16000,4120,3
12,16,1000,15.758872270584106,16000,4520,4
12,16,1000,14.76686716079712,16000,4420,5
12,16,1000,23.716440200805664,16000,6900,6
6,16,1000,19.93815541267395,16000,5590,0
6,16,1000,15.768887281417847,16000,4580,1
6,16,1000,12.550659656524658,16000,4190,2
6,16,1000,14.486653804779053,16000,4100,3
6,16,1000,15.64690613746643,16000,4530,4
6,16,1000,14.6859450340271,16000,4450,5
6,16,1000,24.03580403327942,16000,6920,6
1,16,1000,19.475531339645386,16000,5600,0
1,16,1000,15.79905915260315,16000,4576,1
1,16,1000,12.534486293792725,16000,4128,2
1,16,1000,14.242647886276245,16000,4192,3
1,16,1000,15.74610710144043,16000,4512,4
1,16,1000,14.801220178604126,16000,4448,5
1,16,1000,23.79112720489502,16000,6880,6
0,16,1000,19.886083841323853,16000,5590,0
0,16,1000,16.197223663330078,16000,4580,1
0,16,1000,12.296753406524658,16000,4170,2
0,16,1000,14.28923225402832,16000,4120,3
0,16,1000,15.55231237411499,16000,4530,4
0,16,1000,14.787203550338745,16000,4430,5
0,16,1000,23.893985509872437,16000,6900,6
3,16,1000,20.20129108428955,16000,5590,0
3,16,1000,15.592408418655396,16000,4580,1
3,16,1000,12.543854475021362,16000,4190,2
3,16,1000,14.322672843933105,16000,4100,3
3,16,1000,15.734680891036987,16000,4530,4
3,16,1000,14.731967687606812,16000,4440,5
3,16,1000,23.863131046295166,16000,6890,6
15,16,1000,19.213584184646606,16000,5590,0
15,16,1000,15.576870203018188,16000,4580,1
15,16,1000,12.534882307052612,16000,4190,2
15,16,1000,14.376482486724854,16000,4100,3
15,16,1000,15.610561609268188,16000,4540,4
15,16,1000,14.792402029037476,16000,4410,5
15,16,1000,23.846795797348022,16000,6910,6
11,16,1000,19.373626232147217,16000,5590,0
11,16,1000,15.732129335403442,16000,4580,1
11,16,1000,12.521698474884033,16000,4190,2
11,16,1000,14.392009735107422,16000,4100,3
11,16,1000,15.614819526672363,16000,4540,4
11,16,1000,14.721646308898926,16000,4410,5
11,16,1000,24.018585681915283,16000,6910,6
10,16,1000,19.714114904403687,16000,5590,0
10,16,1000,15.748703002929688,16000,4580,1
10,16,1000,12.555881023406982,16000,4170,2
10,16,1000,14.228305101394653,16000,4120,3
10,16,1000,15.756112337112427,16000,4530,4
10,16,1000,14.776500225067139,16000,4450,5
10,16,1000,23.887598514556885,16000,6880,6
2,16,1000,19.17913556098938,16000,5600,0
2,16,1000,15.817830324172974,16000,4576,1
2,16,1000,12.571974754333496,16000,4128,2
2,16,1000,14.194303274154663,16000,4192,3
2,16,1000,15.719594717025757,16000,4512,4
2,16,1000,14.798425436019897,16000,4448,5
2,16,1000,23.91426992416382,16000,6880,6
13,16,1000,19.79229426383972,16000,5600,0
13,16,1000,15.72731637954712,16000,4576,1
13,16,1000,12.530743837356567,16000,4128,2
13,16,1000,14.269633054733276,16000,4192,3
13,16,1000,15.761805295944214,16000,4512,4
13,16,1000,14.741052150726318,16000,4448,5
13,16,1000,23.85524010658264,16000,6880,6
14,16,1000,19.46081519126892,16000,5590,0
14,16,1000,15.773055791854858,16000,4580,1
14,16,1000,12.567225217819214,16000,4170,2
14,16,1000,14.328882217407227,16000,4120,3
14,16,1000,15.676799774169922,16000,4540,4
14,16,1000,14.758997678756714,16000,4440,5
14,16,1000,23.79602360725403,16000,6870,6
9,16,1000,19.169928789138794,16000,5600,0
9,16,1000,15.755642175674438,16000,4576,1
9,16,1000,12.775022983551025,16000,4128,2
9,16,1000,14.138927698135376,16000,4192,3
9,16,1000,15.598321914672852,16000,4512,4
9,16,1000,14.809121131896973,16000,4448,5
9,16,1000,23.836563110351562,16000,6880,6
8,16,1000,19.413204431533813,16000,5590,0
8,16,1000,15.748627185821533,16000,4580,1
8,16,1000,12.562240839004517,16000,4190,2
8,16,1000,14.232285976409912,16000,4110,3
8,16,1000,15.94948410987854,16000,4530,4
8,16,1000,14.719067573547363,16000,4420,5
8,16,1000,23.888447284698486,16000,6890,6
4,16,1000,19.797919988632202,16000,5590,0
4,16,1000,15.762468814849854,16000,4580,1
4,16,1000,12.56624150276184,16000,4160,2
4,16,1000,14.279417037963867,16000,4130,3
4,16,1000,16.034979343414307,16000,4530,4
4,16,1000,14.906509399414062,16000,4440,5
4,16,1000,24.259491682052612,16000,6910,6
5,16,1000,19.415881156921387,16000,5590,0
5,16,1000,15.737499952316284,16000,4580,1
5,16,1000,12.691720485687256,16000,4170,2
5,16,1000,14.220238208770752,16000,4120,3
5,16,1000,15.567780017852783,16000,4530,4
5,16,1000,14.872986316680908,16000,4440,5
5,16,1000,23.779109001159668,16000,6910,6
7,16,2000,20.069663047790527,32000,5600,0
7,16,2000,16.09352731704712,32000,4570,1
7,16,2000,12.945741415023804,32000,4120,2
7,16,2000,14.842933177947998,32000,4190,3
7,16,2000,15.12425947189331,32000,4520,4
7,16,2000,14.932316541671753,32000,4430,5
7,16,2000,24.277223587036133,32000,6900,6
12,16,2000,20.264928340911865,32000,5600,0
12,16,2000,16.14308261871338,32000,4570,1
12,16,2000,13.035949468612671,32000,4130,2
12,16,2000,14.86403512954712,32000,4190,3
12,16,2000,15.104946613311768,32000,4500,4
12,16,2000,14.763930082321167,32000,4440,5
12,16,2000,24.49540901184082,32000,6920,6
6,16,2000,19.48595118522644,32000,5600,0
6,16,2000,15.85570764541626,32000,4570,1
6,16,2000,12.967234373092651,32000,4120,2
6,16,2000,14.912925004959106,32000,4210,3
6,16,2000,15.262892246246338,32000,4500,4
6,16,2000,15.368879318237305,32000,4450,5
6,16,2000,24.297561645507812,32000,6870,6
1,16,2000,19.54543137550354,32000,5600,0
1,16,2000,16.161733388900757,32000,4576,1
1,16,2000,12.64900517463684,32000,4128,2
1,16,2000,14.823354005813599,32000,4192,3
1,16,2000,15.092438220977783,32000,4512,4
1,16,2000,14.734068632125854,32000,4448,5
1,16,2000,24.47053337097168,32000,6880,6
0,16,2000,19.386446237564087,32000,5600,0
0,16,2000,16.248095512390137,32000,4570,1
0,16,2000,13.042752504348755,32000,4130,2
0,16,2000,14.776939153671265,32000,4180,3
0,16,2000,15.32415223121643,32000,4520,4
0,16,2000,14.835865259170532,32000,4450,5
0,16,2000,24.87374210357666,32000,6890,6
3,16,2000,19.45717453956604,32000,5600,0
3,16,2000,16.161665201187134,32000,4570,1
3,16,2000,12.896592378616333,32000,4120,2
3,16,2000,15.051597118377686,32000,4200,3
3,16,2000,15.33561396598816,32000,4500,4
3,16,2000,14.912446975708008,32000,4450,5
3,16,2000,24.325093030929565,32000,6890,6
15,16,2000,19.31594729423523,32000,5600,0
15,16,2000,15.914370059967041,32000,4570,1
15,16,2000,12.86136245727539,32000,4130,2
15,16,2000,14.83473253250122,32000,4190,3
15,16,2000,15.274662017822266,32000,4510,4
15,16,2000,14.810341835021973,32000,4440,5
15,16,2000,24.479492664337158,32000,6890,6
11,16,2000,19.809552669525146,32000,5600,0
11,16,2000,15.96757197380066,32000,4570,1
11,16,2000,12.838559627532959,32000,4130,2
11,16,2000,15.479753017425537,32000,4190,3
11,16,2000,15.003275632858276,32000,4500,4
11,16,2000,14.863914012908936,32000,4450,5
11,16,2000,24.62802767753601,32000,6880,6
10,16,2000,19.997040033340454,32000,5600,0
10,16,2000,15.8203604221344,32000,4570,1
10,16,2000,12.702532768249512,32000,4130,2
10,16,2000,14.822713613510132,32000,4180,3
10,16,2000,15.550311803817749,32000,4520,4
10,16,2000,14.72906756401062,32000,4430,5
10,16,2000,24.659337759017944,32000,6910,6
2,16,2000,19.848506927490234,32000,5600,0
2,16,2000,16.113505840301514,32000,4576,1
2,16,2000,12.825201749801636,32000,4128,2
2,16,2000,14.952923059463501,32000,4192,3
2,16,2000,15.217593431472778,32000,4512,4
2,16,2000,14.876390933990479,32000,4448,5
2,16,2000,24.800861835479736,32000,6880,6
13,16,2000,20.015576601028442,32000,5600,0
13,16,2000,16.263404846191406,32000,4576,1
13,16,2000,12.99381422996521,32000,4128,2
13,16,2000,14.783621072769165,32000,4192,3
13,16,2000,15.29403305053711,32000,4512,4
13,16,2000,14.902122735977173,32000,4448,5
13,16,2000,24.529021978378296,32000,6880,6
14,16,2000,19.910542964935303,32000,5600,0
14,16,2000,16.089230060577393,32000,4570,1
14,16,2000,13.017208099365234,32000,4130,2
14,16,2000,14.955528259277344,32000,4190,3
14,16,2000,15.158721685409546,32000,4510,4
14,16,2000,14.907230377197266,32000,4440,5
14,16,2000,24.61846423149109,32000,6890,6
9,16,2000,19.474546194076538,32000,5600,0
9,16,2000,15.855385780334473,32000,4576,1
9,16,2000,12.76675033569336,32000,4128,2
9,16,2000,14.861688137054443,32000,4192,3
9,16,2000,15.23723816871643,32000,4512,4
9,16,2000,14.698972463607788,32000,4448,5
9,16,2000,24.526679039001465,32000,6880,6
8,16,2000,19.723589420318604,32000,5600,0
8,16,2000,15.884851932525635,32000,4570,1
8,16,2000,12.774839162826538,32000,4120,2
8,16,2000,15.13994312286377,32000,4200,3
8,16,2000,15.243513345718384,32000,4500,4
8,16,2000,14.696095943450928,32000,4450,5
8,16,2000,24.458604335784912,32000,6910,6
4,16,2000,20.21408438682556,32000,5600,0
4,16,2000,15.90887713432312,32000,4570,1
4,16,2000,12.68315863609314,32000,4120,2
4,16,2000,14.904070615768433,32000,4190,3
4,16,2000,15.003873586654663,32000,4540,4
4,16,2000,14.927700996398926,32000,4430,5
4,16,2000,24.927063465118408,32000,6870,6
5,16,2000,19.825375080108643,32000,5600,0
5,16,2000,16.04791760444641,32000,4570,1
5,16,2000,12.925107717514038,32000,4130,2
5,16,2000,14.945495128631592,32000,4180,3
5,16,2000,15.138412714004517,32000,4540,4
5,16,2000,14.74669861793518,32000,4430,5
5,16,2000,24.572327136993408,32000,6870,6
7,16,3000,20.18353509902954,48000,5590,0
7,16,3000,16.094186305999756,48000,4580,1
7,16,3000,12.602460622787476,48000,4150,2
7,16,3000,14.964853048324585,48000,4160,3
7,16,3000,15.71041202545166,48000,4510,4
7,16,3000,13.644474267959595,48000,4480,5
7,16,3000,25.28672766685486,48000,6860,6
12,16,3000,19.717350244522095,48000,5590,0
12,16,3000,16.959646701812744,48000,4580,1
12,16,3000,13.676193952560425,48000,4150,2
12,16,3000,15.5180983543396,48000,4160,3
12,16,3000,15.806763648986816,48000,4510,4
12,16,3000,14.126443862915039,48000,4480,5
12,16,3000,25.945821523666382,48000,6860,6
6,16,3000,19.7666757106781,48000,5590,0
6,16,3000,16.06169295310974,48000,4580,1
6,16,3000,12.741952896118164,48000,4150,2
6,16,3000,15.500604391098022,48000,4170,3
6,16,3000,15.546551942825317,48000,4500,4
6,16,3000,13.734040975570679,48000,4490,5
6,16,3000,25.91635775566101,48000,6860,6
1,16,3000,19.634666919708252,48000,5600,0
1,16,3000,16.887556552886963,48000,4576,1
1,16,3000,13.701264381408691,48000,4128,2
1,16,3000,15.369365453720093,48000,4192,3
1,16,3000,15.777946472167969,48000,4512,4
1,16,3000,13.941332340240479,48000,4448,5
1,16,3000,25.85811710357666,48000,6880,6
0,16,3000,19.715447664260864,48000,5590,0
0,16,3000,16.017903327941895,48000,4580,1
0,16,3000,12.71455979347229,48000,4150,2
0,16,3000,15.150471925735474,48000,4160,3
0,16,3000,15.524476289749146,48000,4520,4
0,16,3000,13.707504272460938,48000,4470,5
0,16,3000,25.235708236694336,48000,6860,6
3,16,3000,19.52969741821289,48000,5590,0
3,16,3000,16.34925365447998,48000,4580,1
3,16,3000,12.746649742126465,48000,4150,2
3,16,3000,15.371981859207153,48000,4160,3
3,16,3000,15.354727268218994,48000,4520,4
3,16,3000,13.699166297912598,48000,4490,5
3,16,3000,25.800882816314697,48000,6830,6
15,16,3000,19.55636501312256,48000,5590,0
15,16,3000,16.87589740753174,48000,4580,1
15,16,3000,13.481473207473755,48000,4160,2
15,16,3000,15.69053840637207,48000,4150,3
15,16,3000,15.846343755722046,48000,4500,4
15,16,3000,14.064268112182617,48000,4500,5
15,16,3000,25.538228750228882,48000,6830,6
11,16,3000,20.2687509059906,48000,5590,0
11,16,3000,16.917508125305176,48000,4580,1
11,16,3000,13.500782012939453,48000,4160,2
11,16,3000,15.532979726791382,48000,4150,3
11,16,3000,15.828243732452393,48000,4530,4
11,16,3000,14.17235779762268,48000,4460,5
11,16,3000,25.900986194610596,48000,6850,6
10,16,3000,20.387531518936157,48000,5590,0
10,16,3000,15.928600311279297,48000,4580,1
10,16,3000,12.578669786453247,48000,4160,2
10,16,3000,15.174046516418457,48000,4150,3
10,16,3000,15.766340732574463,48000,4520,4
10,16,3000,13.792424201965332,48000,4470,5
10,16,3000,25.560835123062134,48000,6860,6
2,16,3000,20.15989398956299,48000,5600,0
2,16,3000,16.75971031188965,48000,4576,1
2,16,3000,13.621393203735352,48000,4128,2
2,16,3000,15.20580792427063,48000,4192,3
2,16,3000,15.888720035552979,48000,4512,4
2,16,3000,14.248345613479614,48000,4448,5
2,16,3000,25.676137685775757,48000,6880,6
13,16,3000,20.405717134475708,48000,5600,0
13,16,3000,16.63664436340332,48000,4576,1
13,16,3000,13.582545042037964,48000,4128,2
13,16,3000,15.486528158187866,48000,4192,3
13,16,3000,16.31480860710144,48000,4512,4
13,16,3000,13.7012197971344,48000,4448,5
13,16,3000,26.005292177200317,48000,6880,6
14,16,3000,20.030945777893066,48000,5590,0
14,16,3000,16.116294622421265,48000,4580,1
14,16,3000,12.856833457946777,48000,4170,2
14,16,3000,15.1730637550354,48000,4140,3
14,16,3000,15.539951801300049,48000,4520,4
14,16,3000,13.574788093566895,48000,4490,5
14,16,3000,25.709152460098267,48000,6820,6
9,16,3000,19.817374229431152,48000,5600,0
9,16,3000,15.940563917160034,48000,4576,1
9,16,3000,12.456485509872437,48000,4128,2
9,16,3000,15.126376867294312,48000,4192,3
9,16,3000,15.298388481140137,48000,4512,4
9,16,3000,13.624743461608887,48000,4448,5
9,16,3000,25.854610681533813,48000,6880,6
8,16,3000,20.244590520858765,48000,5590,0
8,16,3000,15.954706192016602,48000,4580,1
8,16,3000,12.752769708633423,48000,4160,2
8,16,3000,15.538166284561157,48000,4150,3
8,16,3000,15.301928281784058,48000,4500,4
8,16,3000,13.65882396697998,48000,4490,5
8,16,3000,25.554992198944092,48000,6860,6
4,16,3000,19.581175327301025,48000,5590,0
4,16,3000,16.149552822113037,48000,4580,1
4,16,3000,12.622664451599121,48000,4170,2
4,16,3000,15.743840217590332,48000,4150,3
4,16,3000,16.019490957260132,48000,4510,4
4,16,3000,13.934566497802734,48000,4480,5
4,16,3000,25.696346282958984,48000,6860,6
5,16,3000,20.285122632980347,48000,5590,0
5,16,3000,16.087304830551147,48000,4580,1
5,16,3000,12.557284593582153,48000,4170,2
5,16,3000,15.2723069190979,48000,4150,3
5,16,3000,15.215195894241333,48000,4510,4
5,16,3000,13.704513549804688,48000,4480,5
5,16,3000,25.475675106048584,48000,6860,6
7,16,4000,19.865535259246826,64000,5600,0
7,16,4000,16.914959192276,64000,4570,1
7,16,4000,12.72602128982544,64000,4100,2
7,16,4000,15.500228643417358,64000,4240,3
7,16,4000,16.850847721099854,64000,4520,4
7,16,4000,16.16609811782837,64000,4430,5
7,16,4000,24.88591694831848,64000,6860,6
12,16,4000,19.87080216407776,64000,5600,0
12,16,4000,16.001816749572754,64000,4570,1
12,16,4000,12.588333129882812,64000,4100,2
12,16,4000,14.684558153152466,64000,4240,3
12,16,4000,16.155587673187256,64000,4520,4
12,16,4000,15.334544897079468,64000,4430,5
12,16,4000,24.386496543884277,64000,6850,6
6,16,4000,19.934067249298096,64000,5590,0
6,16,4000,16.205257177352905,64000,4580,1
6,16,4000,12.20834755897522,64000,4070,2
6,16,4000,14.766607522964478,64000,4260,3
6,16,4000,16.33367919921875,64000,4510,4
6,16,4000,15.932427644729614,64000,4460,5
6,16,4000,24.586646795272827,64000,6850,6
1,16,4000,19.695376873016357,64000,5600,0
1,16,4000,16.107106685638428,64000,4576,1
1,16,4000,12.702621936798096,64000,4128,2
1,16,4000,14.763901472091675,64000,4192,3
1,16,4000,16.25645112991333,64000,4512,4
1,16,4000,15.578980445861816,64000,4448,5
1,16,4000,24.203170776367188,64000,6880,6
0,16,4000,20.28378939628601,64000,5600,0
0,16,4000,17.036993741989136,64000,4570,1
0,16,4000,12.812949419021606,64000,4100,2
0,16,4000,15.066192626953125,64000,4220,3
0,16,4000,17.221306085586548,64000,4520,4
0,16,4000,16.38163137435913,64000,4480,5
0,16,4000,25.0138738155365,64000,6810,6
3,16,4000,19.69728112220764,64000,5600,0
3,16,4000,17.1675283908844,64000,4570,1
3,16,4000,12.9793381690979,64000,4080,2
3,16,4000,15.028641939163208,64000,4240,3
3,16,4000,16.825740814208984,64000,4530,4
3,16,4000,16.150672674179077,64000,4440,5
3,16,4000,25.337726593017578,64000,6860,6
15,16,4000,19.599098443984985,64000,5600,0
15,16,4000,16.799319982528687,64000,4570,1
15,16,4000,12.392224073410034,64000,4110,2
15,16,4000,14.78914761543274,64000,4210,3
15,16,4000,16.245542287826538,64000,4530,4
15,16,4000,15.360172271728516,64000,4450,5
15,16,4000,24.21845769882202,64000,6850,6
11,16,4000,20.482025623321533,64000,5600,0
11,16,4000,16.458480834960938,64000,4570,1
11,16,4000,12.316992282867432,64000,4100,2
11,16,4000,15.257738590240479,64000,4220,3
11,16,4000,16.310548305511475,64000,4530,4
11,16,4000,15.507737874984741,64000,4440,5
11,16,4000,24.56596279144287,64000,6860,6
10,16,4000,19.901334285736084,64000,5600,0
10,16,4000,16.412307500839233,64000,4570,1
10,16,4000,12.281192779541016,64000,4090,2
10,16,4000,14.659453392028809,64000,4220,3
10,16,4000,16.562488317489624,64000,4530,4
10,16,4000,15.864910125732422,64000,4470,5
10,16,4000,24.670879125595093,64000,6830,6
2,16,4000,19.807000875473022,64000,5600,0
2,16,4000,16.71220326423645,64000,4576,1
2,16,4000,13.353752613067627,64000,4128,2
2,16,4000,15.48721981048584,64000,4192,3
2,16,4000,17.26301598548889,64000,4512,4
2,16,4000,16.451366901397705,64000,4448,5
2,16,4000,25.117314338684082,64000,6880,6
13,16,4000,20.142518281936646,64000,5600,0
13,16,4000,16.23362970352173,64000,4576,1
13,16,4000,12.756218671798706,64000,4128,2
13,16,4000,15.043732643127441,64000,4192,3
13,16,4000,16.298025369644165,64000,4512,4
13,16,4000,15.967278480529785,64000,4448,5
13,16,4000,24.645426511764526,64000,6880,6
14,16,4000,20.408074140548706,64000,5600,0
14,16,4000,16.237525701522827,64000,4570,1
14,16,4000,12.587342023849487,64000,4090,2
14,16,4000,14.706671237945557,64000,4220,3
14,16,4000,16.202515125274658,64000,4530,4
14,16,4000,15.479577779769897,64000,4470,5
14,16,4000,24.45568037033081,64000,6840,6
9,16,4000,20.33035969734192,64000,5600,0
9,16,4000,16.52987790107727,64000,4576,1
9,16,4000,12.299173355102539,64000,4128,2
9,16,4000,14.848260164260864,64000,4192,3
9,16,4000,16.30068826675415,64000,4512,4
9,16,4000,15.720354318618774,64000,4448,5
9,16,4000,24.381510972976685,64000,6880,6
8,16,4000,20.248316049575806,64000,5600,0
8,16,4000,16.998602390289307,64000,4570,1
8,16,4000,12.68086314201355,64000,4100,2
8,16,4000,15.272243976593018,64000,4230,3
8,16,4000,16.932687997817993,64000,4520,4
8,16,4000,16.13929057121277,64000,4440,5
8,16,4000,25.116410732269287,64000,6860,6
4,16,4000,20.178751468658447,64000,5590,0
4,16,4000,17.001996755599976,64000,4580,1
4,16,4000,13.005070686340332,64000,4080,2
4,16,4000,15.285207509994507,64000,4240,3
4,16,4000,16.814631462097168,64000,4520,4
4,16,4000,16.251830339431763,64000,4480,5
4,16,4000,25.08870220184326,64000,6820,6
5,16,4000,20.247130155563354,64000,5590,0
5,16,4000,16.955633640289307,64000,4580,1
5,16,4000,12.934517860412598,64000,4080,2
5,16,4000,15.68527102470398,64000,4250,3
5,16,4000,17.016420602798462,64000,4510,4
5,16,4000,16.368691205978394,64000,4460,5
5,16,4000,24.83944082260132,64000,6840,6
7,16,5000,20.0377995967865,80000,5590,0
7,16,5000,16.489548444747925,80000,4580,1
7,16,5000,12.46727728843689,80000,4140,2
7,16,5000,15.533289194107056,80000,4170,3
7,16,5000,17.47274947166443,80000,4540,4
7,16,5000,15.274322032928467,80000,4390,5
7,16,5000,25.020716190338135,80000,6950,6
12,16,5000,20.4971661567688,80000,5590,0
12,16,5000,16.54617404937744,80000,4580,1
12,16,5000,12.957498788833618,80000,4140,2
12,16,5000,15.499699592590332,80000,4170,3
12,16,5000,16.65492820739746,80000,4540,4
12,16,5000,15.038965225219727,80000,4410,5
12,16,5000,25.210651636123657,80000,6910,6
6,16,5000,20.490500926971436,80000,5590,0
6,16,5000,16.37966251373291,80000,4580,1
6,16,5000,12.862784624099731,80000,4130,2
6,16,5000,15.934699058532715,80000,4210,3
6,16,5000,16.63185977935791,80000,4510,4
6,16,5000,15.152748346328735,80000,4410,5
6,16,5000,25.142987728118896,80000,6890,6
1,16,5000,20.159712076187134,80000,5600,0
1,16,5000,17.06037187576294,80000,4576,1
1,16,5000,12.450803756713867,80000,4128,2
1,16,5000,15.593165397644043,80000,4192,3
1,16,5000,16.632702827453613,80000,4512,4
1,16,5000,14.996751070022583,80000,4448,5
1,16,5000,24.639639616012573,80000,6880,6
0,16,5000,20.819048404693604,80000,5590,0
0,16,5000,16.563621044158936,80000,4580,1
0,16,5000,12.637912511825562,80000,4140,2
0,16,5000,15.666259288787842,80000,4190,3
0,16,5000,16.72325611114502,80000,4520,4
0,16,5000,15.076531887054443,80000,4420,5
0,16,5000,25.112401962280273,80000,6900,6
3,16,5000,20.665529251098633,80000,5590,0
3,16,5000,16.506510496139526,80000,4580,1
3,16,5000,13.721089601516724,80000,4160,2
3,16,5000,15.06026816368103,80000,4160,3
3,16,5000,17.34439492225647,80000,4520,4
3,16,5000,15.028146028518677,80000,4420,5
3,16,5000,25.535667657852173,80000,6890,6
15,16,5000,19.93382477760315,80000,5590,0
15,16,5000,16.95075035095215,80000,4580,1
15,16,5000,12.474892854690552,80000,4150,2
15,16,5000,15.107608318328857,80000,4170,3
15,16,5000,16.69874143600464,80000,4530,4
15,16,5000,15.739136219024658,80000,4410,5
15,16,5000,24.91849446296692,80000,6880,6
11,16,5000,20.071268558502197,80000,5590,0
11,16,5000,16.831600427627563,80000,4580,1
11,16,5000,12.739769458770752,80000,4150,2
11,16,5000,15.096485614776611,80000,4170,3
11,16,5000,16.73104166984558,80000,4520,4
11,16,5000,14.857958316802979,80000,4420,5
11,16,5000,25.07495427131653,80000,6890,6
10,16,5000,20.393309354782104,80000,5590,0
10,16,5000,16.3404483795166,80000,4580,1
10,16,5000,12.540395259857178,80000,4150,2
10,16,5000,15.06730031967163,80000,4180,3
10,16,5000,17.29628038406372,80000,4520,4
10,16,5000,14.846211671829224,80000,4420,5
10,16,5000,25.003563165664673,80000,6900,6
2,16,5000,20.182782649993896,80000,5600,0
2,16,5000,16.398762941360474,80000,4576,1
2,16,5000,12.664848804473877,80000,4128,2
2,16,5000,15.552221536636353,80000,4192,3
2,16,5000,16.984177112579346,80000,4512,4
2,16,5000,14.969688177108765,80000,4448,5
2,16,5000,24.82144832611084,80000,6880,6
13,16,5000,19.990073204040527,80000,5600,0
13,16,5000,16.61721181869507,80000,4576,1
13,16,5000,12.68232250213623,80000,4128,2
13,16,5000,15.507758855819702,80000,4192,3
13,16,5000,16.746477365493774,80000,4512,4
13,16,5000,15.02902364730835,80000,4448,5
13,16,5000,24.796233654022217,80000,6880,6
14,16,5000,20.09717297554016,80000,5590,0
14,16,5000,16.221319675445557,80000,4580,1
14,16,5000,13.114391326904297,80000,4160,2
14,16,5000,14.926301956176758,80000,4150,3
14,16,5000,17.136730670928955,80000,4530,4
14,16,5000,14.845187902450562,80000,4420,5
14,16,5000,25.395716905593872,80000,6910,6
9,16,5000,20.567156553268433,80000,5600,0
9,16,5000,16.559000492095947,80000,4576,1
9,16,5000,12.81567645072937,80000,4128,2
9,16,5000,15.3195641040802,80000,4192,3
9,16,5000,16.942968606948853,80000,4512,4
9,16,5000,15.473095893859863,80000,4448,5
9,16,5000,25.2986843585968,80000,6880,6
8,16,5000,20.896029949188232,80000,5590,0
8,16,5000,16.698545455932617,80000,4580,1
8,16,5000,12.752098083496094,80000,4150,2
8,16,5000,15.666112899780273,80000,4160,3
8,16,5000,17.463584661483765,80000,4540,4
8,16,5000,15.745177030563354,80000,4400,5
8,16,5000,25.18204164505005,80000,6910,6
4,16,5000,20.526195764541626,80000,5590,0
4,16,5000,16.28816533088684,80000,4580,1
4,16,5000,12.430472135543823,80000,4130,2
4,16,5000,15.11687970161438,80000,4210,3
4,16,5000,16.996455669403076,80000,4510,4
4,16,5000,15.107177257537842,80000,4410,5
4,16,5000,24.896010160446167,80000,6900,6
5,16,5000,20.247325897216797,80000,5590,0
5,16,5000,16.618003845214844,80000,4580,1
5,16,5000,12.560238361358643,80000,4130,2
5,16,5000,15.351073503494263,80000,4210,3
5,16,5000,17.341785669326782,80000,4510,4
5,16,5000,15.267359018325806,80000,4410,5
5,16,5000,24.56136131286621,80000,6880,6
20,32,1000,50.91928267478943,32000,15560,0
20,32,1000,63.93604302406311,32000,19870,1
20,32,1000,60.42663621902466,32000,16210,2
20,32,1000,48.24172377586365,32000,16440,3
20,32,1000,61.319931745529175,32000,17980,4
20,32,1000,82.19062757492065,32000,22350,5
20,32,1000,60.761085987091064,32000,19250,6
7,32,1000,50.55483555793762,32000,15552,0
7,32,1000,63.781638383865356,32000,19904,1
7,32,1000,59.95827531814575,32000,16192,2
7,32,1000,48.165444135665894,32000,16448,3
7,32,1000,62.83377194404602,32000,17984,4
7,32,1000,80.61019325256348,32000,22336,5
7,32,1000,60.41667866706848,32000,19264,6
30,32,1000,50.264321088790894,32000,15560,0
30,32,1000,63.78632593154907,32000,19860,1
30,32,1000,60.072548151016235,32000,16220,2
30,32,1000,48.32326412200928,32000,16440,3
30,32,1000,62.05846619606018,32000,17990,4
30,32,1000,81.1481032371521,32000,22350,5
30,32,1000,60.28709959983826,32000,19240,6
12,32,1000,51.30728483200073,32000,15560,0
12,32,1000,63.63409876823425,32000,19860,1
12,32,1000,59.9736328125,32000,16220,2
12,32,1000,48.620176553726196,32000,16430,3
12,32,1000,62.05106019973755,32000,18010,4
12,32,1000,81.0989727973938,32000,22340,5
12,32,1000,60.66579627990723,32000,19240,6
28,32,1000,50.49543046951294,32000,15560,0
28,32,1000,63.110102891922,32000,19870,1
28,32,1000,60.4251868724823,32000,16210,2
28,32,1000,48.20892143249512,32000,16430,3
28,32,1000,61.840938568115234,32000,18000,4
28,32,1000,81.40474915504456,32000,22350,5
28,32,1000,60.15434145927429,32000,19270,6
25,32,1000,49.86377811431885,32000,15552,0
25,32,1000,64.0656840801239,32000,19904,1
25,32,1000,60.38630962371826,32000,16192,2
25,32,1000,48.10090255737305,32000,16448,3
25,32,1000,61.47297549247742,32000,17984,4
25,32,1000,82.19052958488464,32000,22336,5
25,32,1000,60.12606692314148,32000,19264,6
23,32,1000,50.53063178062439,32000,15560,0
23,32,1000,64.3190348148346,32000,19870,1
23,32,1000,60.16608643531799,32000,16210,2
23,32,1000,48.505454301834106,32000,16440,3
23,32,1000,62.0869824886322,32000,17990,4
23,32,1000,81.49852967262268,32000,22350,5
23,32,1000,59.76098418235779,32000,19280,6
26,32,1000,50.782711029052734,32000,15560,0
26,32,1000,63.209413051605225,32000,19880,1
26,32,1000,60.551796674728394,32000,16200,2
26,32,1000,48.16892600059509,32000,16450,3
26,32,1000,61.8116250038147,32000,17990,4
26,32,1000,81.27921986579895,32000,22350,5
26,32,1000,60.191776275634766,32000,19260,6
6,32,1000,50.51041793823242,32000,15560,0
6,32,1000,63.92418956756592,32000,19870,1
6,32,1000,60.05646204948425,32000,16210,2
6,32,1000,48.536980867385864,32000,16440,3
6,32,1000,62.026880741119385,32000,17980,4
6,32,1000,81.30374336242676,32000,22370,5
6,32,1000,60.45892572402954,32000,19230,6
1,32,1000,50.281195402145386,32000,15560,0
1,32,1000,64.36051917076111,32000,19870,1
1,32,1000,59.91650152206421,32000,16210,2
1,32,1000,49.04051971435547,32000,16440,3
1,32,1000,61.81973123550415,32000,17990,4
1,32,1000,80.99776983261108,32000,22350,5
1,32,1000,59.97445511817932,32000,19260,6
0,32,1000,51.06223011016846,32000,15552,0
0,32,1000,63.4777934551239,32000,19904,1
0,32,1000,60.12095808982849,32000,16192,2
0,32,1000,48.905691623687744,32000,16448,3
0,32,1000,61.33857560157776,32000,17984,4
0,32,1000,81.88547801971436,32000,22336,5
0,32,1000,59.98889422416687,32000,19264,6
3,32,1000,50.52409744262695,32000,15560,0
3,32,1000,63.91816210746765,32000,19870,1
3,32,1000,60.11310076713562,32000,16210,2
3,32,1000,48.2442569732666,32000,16440,3
3,32,1000,61.84458088874817,32000,18000,4
3,32,1000,81.02789092063904,32000,22340,5
3,32,1000,60.525275230407715,32000,19260,6
15,32,1000,51.01153206825256,32000,15560,0
15,32,1000,63.82215332984924,32000,19870,1
15,32,1000,60.45544505119324,32000,16210,2
15,32,1000,48.365896701812744,32000,16430,3
15,32,1000,62.577810525894165,32000,17990,4
15,32,1000,81.1878068447113,32000,22360,5
15,32,1000,59.65486288070679,32000,19240,6
16,32,1000,50.28344416618347,32000,15560,0
16,32,1000,63.43688917160034,32000,19880,1
16,32,1000,60.438010692596436,32000,16200,2
16,32,1000,48.07627868652344,32000,16440,3
16,32,1000,62.261579513549805,32000,17990,4
16,32,1000,80.91133666038513,32000,22340,5
16,32,1000,59.89019465446472,32000,19250,6
11,32,1000,50.31036853790283,32000,15552,0
11,32,1000,63.910609006881714,32000,19904,1
11,32,1000,59.90210723876953,32000,16192,2
11,32,1000,48.027337312698364,32000,16448,3
11,32,1000,62.54216742515564,32000,17984,4
11,32,1000,81.56829023361206,32000,22336,5
11,32,1000,59.72768568992615,32000,19264,6
10,32,1000,50.342320919036865,32000,15552,0
10,32,1000,63.38338804244995,32000,19904,1
10,32,1000,60.51502084732056,32000,16192,2
10,32,1000,48.38154315948486,32000,16448,3
10,32,1000,61.85859441757202,32000,17984,4
10,32,1000,81.85996651649475,32000,22336,5
10,32,1000,60.44022226333618,32000,19264,6
17,32,1000,50.63988947868347,32000,15560,0
17,32,1000,64.00696063041687,32000,19870,1
17,32,1000,60.15998864173889,32000,16210,2
17,32,1000,48.03284454345703,32000,16440,3
17,32,1000,62.04808020591736,32000,17980,4
17,32,1000,81.27001714706421,32000,22360,5
17,32,1000,60.02208352088928,32000,19260,6
2,32,1000,50.22451090812683,32000,15560,0
2,32,1000,63.38861799240112,32000,19870,1
2,32,1000,60.27212619781494,32000,16210,2
2,32,1000,48.50146150588989,32000,16440,3
2,32,1000,62.33275818824768,32000,18000,4
2,32,1000,80.89349174499512,32000,22340,5
2,32,1000,60.01512932777405,32000,19260,6
13,32,1000,50.32169580459595,32000,15560,0
13,32,1000,63.28192615509033,32000,19870,1
13,32,1000,60.401201248168945,32000,16210,2
13,32,1000,48.42158603668213,32000,16440,3
13,32,1000,62.278141260147095,32000,17980,4
13,32,1000,80.98372602462769,32000,22360,5
13,32,1000,59.798015832901,32000,19240,6
21,32,1000,50.761008739471436,32000,15552,0
21,32,1000,63.38115835189819,32000,19904,1
21,32,1000,60.329066038131714,32000,16192,2
21,32,1000,48.05821657180786,32000,16448,3
21,32,1000,61.63312530517578,32000,17984,4
21,32,1000,81.94984269142151,32000,22336,5
21,32,1000,59.710198163986206,32000,19264,6
14,32,1000,50.64253544807434,32000,15552,0
14,32,1000,63.87357449531555,32000,19904,1
14,32,1000,60.26766347885132,32000,16192,2
14,32,1000,48.72900032997131,32000,16448,3
14,32,1000,62.09183406829834,32000,17984,4
14,32,1000,81.37232780456543,32000,22336,5
14,32,1000,60.625781297683716,32000,19264,6
9,32,1000,50.26354694366455,32000,15560,0
9,32,1000,64.06295847892761,32000,19870,1
9,32,1000,60.3998327255249,32000,16210,2
9,32,1000,48.05869126319885,32000,16430,3
9,32,1000,61.66895055770874,32000,17990,4
9,32,1000,81.45309853553772,32000,22350,5
9,32,1000,60.21002984046936,32000,19250,6
22,32,1000,49.938233852386475,32000,15560,0
22,32,1000,64.07813811302185,32000,19870,1
22,32,1000,60.037649393081665,32000,16210,2
22,32,1000,48.4351007938385,32000,16440,3
22,32,1000,62.127612352371216,32000,17980,4
22,32,1000,81.32534217834473,32000,22350,5
22,32,1000,59.4330108165741,32000,19250,6
8,32,1000,50.21144127845764,32000,15560,0
8,32,1000,63.49646592140198,32000,19860,1
8,32,1000,60.305463790893555,32000,16220,2
8,32,1000,48.10797953605652,32000,16430,3
8,32,1000,61.684581995010376,32000,18010,4
8,32,1000,81.42830324172974,32000,22340,5
8,32,1000,59.741055727005005,32000,19250,6
19,32,1000,50.299320459365845,32000,15560,0
19,32,1000,63.37512159347534,32000,19870,1
19,32,1000,60.36334800720215,32000,16210,2
19,32,1000,48.163580894470215,32000,16440,3
19,32,1000,61.146392822265625,32000,17980,4
19,32,1000,82.30389904975891,32000,22360,5
19,32,1000,60.17743229866028,32000,19260,6
4,32,1000,50.44554376602173,32000,15560,0
4,32,1000,63.46853041648865,32000,19860,1
4,32,1000,60.358601808547974,32000,16220,2
4,32,1000,48.2318549156189,32000,16430,3
4,32,1000,62.12427282333374,32000,17990,4
4,32,1000,81.30278396606445,32000,22360,5
4,32,1000,60.565958738327026,32000,19240,6
27,32,1000,50.325987815856934,32000,15560,0
27,32,1000,63.443153858184814,32000,19870,1
27,32,1000,60.42616152763367,32000,16210,2
27,32,1000,47.83427309989929,32000,16440,3
27,32,1000,62.817848443984985,32000,17980,4
27,32,1000,81.32330965995789,32000,22360,5
27,32,1000,59.684131145477295,32000,19240,6
29,32,1000,50.97648859024048,32000,15560,0
29,32,1000,63.30135178565979,32000,19880,1
29,32,1000,60.27037072181702,32000,16200,2
29,32,1000,47.7390239238739,32000,16440,3
29,32,1000,62.17994713783264,32000,17980,4
29,32,1000,81.67734861373901,32000,22350,5
29,32,1000,60.25511026382446,32000,19250,6
31,32,1000,50.4230580329895,32000,15560,0
31,32,1000,63.937172174453735,32000,19870,1
31,32,1000,60.19960975646973,32000,16210,2
31,32,1000,49.44841456413269,32000,16430,3
31,32,1000,61.84551477432251,32000,18000,4
31,32,1000,81.0894558429718,32000,22350,5
31,32,1000,60.50275802612305,32000,19270,6
18,32,1000,50.45103049278259,32000,15560,0
18,32,1000,63.696357011795044,32000,19870,1
18,32,1000,60.397114515304565,32000,16210,2
18,32,1000,47.67735981941223,32000,16440,3
18,32,1000,62.433066844940186,32000,17990,4
18,32,1000,82.85883808135986,32000,22350,5
18,32,1000,59.81681299209595,32000,19270,6
5,32,1000,49.901604652404785,32000,15560,0
5,32,1000,63.70755910873413,32000,19870,1
5,32,1000,60.54463458061218,32000,16210,2
5,32,1000,47.89226841926575,32000,16440,3
5,32,1000,62.455974817276,32000,17980,4
5,32,1000,81.44945859909058,32000,22360,5
5,32,1000,60.12424325942993,32000,19250,6
24,32,1000,50.678337812423706,32000,15552,0
24,32,1000,63.30703139305115,32000,19904,1
24,32,1000,60.15383791923523,32000,16192,2
24,32,1000,48.112661600112915,32000,16448,3
24,32,1000,61.73982810974121,32000,17984,4
24,32,1000,82.09514117240906,32000,22336,5
24,32,1000,60.16162419319153,32000,19264,6
20,32,2000,52.12395739555359,64000,15550,0
20,32,2000,63.37911534309387,64000,19910,1
20,32,2000,61.15950560569763,64000,16180,2
20,32,2000,50.72775316238403,64000,16470,3
20,32,2000,61.3005907535553,64000,17980,4
20,32,2000,82.08284831047058,64000,22320,5
20,32,2000,61.575173139572144,64000,19250,6
7,32,2000,51.73388123512268,64000,15552,0
7,32,2000,63.445112228393555,64000,19904,1
7,32,2000,61.368276834487915,64000,16192,2
7,32,2000,50.776148319244385,64000,16448,3
7,32,2000,61.441126108169556,64000,17984,4
7,32,2000,81.16192173957825,64000,22336,5
7,32,2000,60.75659537315369,64000,19264,6
30,32,2000,50.95132756233215,64000,15550,0
30,32,2000,63.55264687538147,64000,19900,1
30,32,2000,61.340023040771484,64000,16190,2
30,32,2000,50.21192646026611,64000,16440,3
30,32,2000,61.60821461677551,64000,18010,4
30,32,2000,81.45754742622375,64000,22330,5
30,32,2000,60.56581473350525,64000,19220,6
12,32,2000,51.321160554885864,64000,15550,0
12,32,2000,63.57867169380188,64000,19900,1
12,32,2000,61.220943212509155,64000,16190,2
12,32,2000,50.93833065032959,64000,16440,3
12,32,2000,60.764437437057495,64000,18000,4
12,32,2000,81.26581883430481,64000,22330,5
12,32,2000,60.669097900390625,64000,19230,6
28,32,2000,50.84712028503418,64000,15550,0
28,32,2000,63.549692153930664,64000,19910,1
28,32,2000,61.40616226196289,64000,16180,2
28,32,2000,50.369707107543945,64000,16460,3
28,32,2000,60.957396507263184,64000,17990,4
28,32,2000,81.64384603500366,64000,22320,5
28,32,2000,60.88876008987427,64000,19220,6
25,32,2000,51.65655326843262,64000,15552,0
25,32,2000,64.03874015808105,64000,19904,1
25,32,2000,61.322558879852295,64000,16192,2
25,32,2000,49.314887046813965,64000,16448,3
25,32,2000,62.080241441726685,64000,17984,4
25,32,2000,81.06273674964905,64000,22336,5
25,32,2000,61.210328817367554,64000,19264,6
23,32,2000,51.622960567474365,64000,15550,0
23,32,2000,63.79854726791382,64000,19910,1
23,32,2000,61.15150332450867,64000,16180,2
23,32,2000,50.92683792114258,64000,16460,3
23,32,2000,61.58179521560669,64000,17990,4
23,32,2000,82.20381498336792,64000,22310,5
23,32,2000,60.833601236343384,64000,19240,6
26,32,2000,51.497925996780396,64000,15550,0
26,32,2000,63.38994550704956,64000,19910,1
26,32,2000,61.07538318634033,64000,16180,2
26,32,2000,50.00750756263733,64000,16440,3
26,32,2000,61.09507989883423,64000,18010,4
26,32,2000,81.43803906440735,64000,22320,5
26,32,2000,60.71658396720886,64000,19220,6
6,32,2000,51.03415870666504,64000,15550,0
6,32,2000,63.39219808578491,64000,19910,1
6,32,2000,61.116660833358765,64000,16180,2
6,32,2000,49.832714796066284,64000,16440,3
6,32,2000,62.669357776641846,64000,18000,4
6,32,2000,80.86852669715881,64000,22330,5
6,32,2000,61.03757119178772,64000,19230,6
1,32,2000,51.098777294158936,64000,15550,0
1,32,2000,63.58860969543457,64000,19910,1
1,32,2000,61.38364028930664,64000,16180,2
1,32,2000,51.05549192428589,64000,16440,3
1,32,2000,61.75233602523804,64000,18000,4
1,32,2000,81.2730393409729,64000,22330,5
1,32,2000,60.713271379470825,64000,19220,6
0,32,2000,51.51293611526489,64000,15552,0
0,32,2000,63.24487900733948,64000,19904,1
0,32,2000,61.47764182090759,64000,16192,2
0,32,2000,50.56222057342529,64000,16448,3
0,32,2000,61.26678276062012,64000,17984,4
0,32,2000,81.12559223175049,64000,22336,5
0,32,2000,61.00056433677673,64000,19264,6
3,32,2000,52.156599283218384,64000,15550,0
3,32,2000,63.34197115898132,64000,19910,1
3,32,2000,60.79206347465515,64000,16180,2
3,32,2000,50.93999767303467,64000,16460,3
3,32,2000,60.74661874771118,64000,17980,4
3,32,2000,81.83920073509216,64000,22330,5
3,32,2000,60.7208354473114,64000,19230,6
15,32,2000,50.99473214149475,64000,15550,0
15,32,2000,63.42240595817566,64000,19910,1
15,32,2000,61.30082964897156,64000,16180,2
15,32,2000,50.075374364852905,64000,16470,3
15,32,2000,61.31931924819946,64000,17980,4
15,32,2000,81.38691711425781,64000,22320,5
15,32,2000,61.126126766204834,64000,19240,6
16,32,2000,50.79447865486145,64000,15550,0
16,32,2000,63.563987493515015,64000,19910,1
16,32,2000,61.21897482872009,64000,16190,2
16,32,2000,50.35224151611328,64000,16460,3
16,32,2000,61.67732000350952,64000,17980,4
16,32,2000,81.26825189590454,64000,22320,5
16,32,2000,60.94045639038086,64000,19230,6
11,32,2000,51.61467409133911,64000,15552,0
11,32,2000,63.11129426956177,64000,19904,1
11,32,2000,61.14184308052063,64000,16192,2
11,32,2000,50.84016990661621,64000,16448,3
11,32,2000,61.26547908782959,64000,17984,4
11,32,2000,80.92191648483276,64000,22336,5
11,32,2000,60.83165693283081,64000,19264,6
10,32,2000,50.9736704826355,64000,15552,0
10,32,2000,63.29827904701233,64000,19904,1
10,32,2000,61.38732385635376,64000,16192,2
10,32,2000,50.041539430618286,64000,16448,3
10,32,2000,61.44740891456604,64000,17984,4
10,32,2000,81.2056655883789,64000,22336,5
10,32,2000,60.86386060714722,64000,19264,6
17,32,2000,51.4080023765564,64000,15550,0
17,32,2000,63.82446599006653,64000,19920,1
17,32,2000,61.574227809906006,64000,16170,2
17,32,2000,50.83734202384949,64000,16450,3
17,32,2000,61.65259122848511,64000,17990,4
17,32,2000,81.52594423294067,64000,22330,5
17,32,2000,60.52410340309143,64000,19230,6
2,32,2000,50.75053024291992,64000,15550,0
2,32,2000,63.72710156440735,64000,19910,1
2,32,2000,61.15460395812988,64000,16180,2
2,32,2000,50.482280015945435,64000,16450,3
2,32,2000,61.59270977973938,64000,17990,4
2,32,2000,80.77095174789429,64000,22330,5
2,32,2000,60.42142057418823,64000,19230,6
13,32,2000,51.608402490615845,64000,15550,0
13,32,2000,63.38782453536987,64000,19910,1
13,32,2000,61.47080731391907,64000,16180,2
13,32,2000,50.52626085281372,64000,16460,3
13,32,2000,61.90105652809143,64000,17980,4
13,32,2000,80.21823620796204,64000,22330,5
13,32,2000,61.01606607437134,64000,19230,6
21,32,2000,51.30615854263306,64000,15552,0
21,32,2000,63.55318021774292,64000,19904,1
21,32,2000,61.00589203834534,64000,16192,2
21,32,2000,50.12783217430115,64000,16448,3
21,32,2000,62.181060791015625,64000,17984,4
21,32,2000,81.35024809837341,64000,22336,5
21,32,2000,60.34226059913635,64000,19264,6
14,32,2000,51.531344175338745,64000,15552,0
14,32,2000,63.746015787124634,64000,19904,1
14,32,2000,61.04504942893982,64000,16192,2
14,32,2000,50.49211931228638,64000,16448,3
14,32,2000,61.14594101905823,64000,17984,4
14,32,2000,81.38455820083618,64000,22336,5
14,32,2000,60.255356788635254,64000,19264,6
9,32,2000,51.0441415309906,64000,15550,0
9,32,2000,63.1793487071991,64000,19930,1
9,32,2000,61.172728538513184,64000,16170,2
9,32,2000,50.2485032081604,64000,16460,3
9,32,2000,62.18154549598694,64000,17980,4
9,32,2000,81.56631469726562,64000,22320,5
9,32,2000,60.17996549606323,64000,19240,6
22,32,2000,50.97505450248718,64000,15550,0
22,32,2000,63.95820093154907,64000,19890,1
22,32,2000,60.664979696273804,64000,16210,2
22,32,2000,50.82699775695801,64000,16460,3
22,32,2000,60.62862682342529,64000,17980,4
22,32,2000,81.5161144733429,64000,22320,5
22,32,2000,61.38756322860718,64000,19220,6
8,32,2000,51.474915504455566,64000,15550,0
8,32,2000,63.51674795150757,64000,19910,1
8,32,2000,61.53524041175842,64000,16180,2
8,32,2000,50.36177349090576,64000,16440,3
8,32,2000,60.44207811355591,64000,18010,4
8,32,2000,81.79412388801575,64000,22320,5
8,32,2000,60.31356453895569,64000,19230,6
19,32,2000,51.08964252471924,64000,15550,0
19,32,2000,63.54740858078003,64000,19920,1
19,32,2000,61.0333354473114,64000,16170,2
19,32,2000,49.78231596946716,64000,16460,3
19,32,2000,62.09447431564331,64000,17980,4
19,32,2000,81.32871508598328,64000,22320,5
19,32,2000,60.45579528808594,64000,19250,6
4,32,2000,51.106263875961304,64000,15550,0
4,32,2000,63.01856565475464,64000,19920,1
4,32,2000,61.27847337722778,64000,16170,2
4,32,2000,50.19044065475464,64000,16450,3
4,32,2000,61.404139041900635,64000,17990,4
4,32,2000,81.53096032142639,64000,22320,5
4,32,2000,60.738669872283936,64000,19240,6
27,32,2000,51.39192724227905,64000,15550,0
27,32,2000,63.16365885734558,64000,19930,1
27,32,2000,60.924081563949585,64000,16160,2
27,32,2000,51.09311318397522,64000,16470,3
27,32,2000,60.94540596008301,64000,17970,4
27,32,2000,81.40099859237671,64000,22330,5
27,32,2000,60.70692443847656,64000,19240,6
29,32,2000,51.54927468299866,64000,15550,0
29,32,2000,63.36060571670532,64000,19930,1
29,32,2000,61.07784032821655,64000,16170,2
29,32,2000,50.604193687438965,64000,16450,3
29,32,2000,61.813560962677,64000,17990,4
29,32,2000,80.699378490448,64000,22310,5
29,32,2000,61.346712589263916,64000,19240,6
31,32,2000,51.07722568511963,64000,15550,0
31,32,2000,63.30161905288696,64000,19910,1
31,32,2000,60.93243432044983,64000,16180,2
31,32,2000,50.92533016204834,64000,16460,3
31,32,2000,61.50865030288696,64000,17990,4
31,32,2000,80.71317052841187,64000,22320,5
31,32,2000,60.86502385139465,64000,19220,6
18,32,2000,51.0822970867157,64000,15550,0
18,32,2000,63.34166383743286,64000,19930,1
18,32,2000,61.49460315704346,64000,16160,2
18,32,2000,49.704509258270264,64000,16460,3
18,32,2000,61.61087727546692,64000,17990,4
18,32,2000,80.97403264045715,64000,22320,5
18,32,2000,60.830005407333374,64000,19220,6
5,32,2000,51.43752145767212,64000,15550,0
5,32,2000,63.86912560462952,64000,19910,1
5,32,2000,60.78874325752258,64000,16180,2
5,32,2000,50.55875015258789,64000,16460,3
5,32,2000,60.986637353897095,64000,17980,4
5,32,2000,81.44148230552673,64000,22320,5
5,32,2000,60.25609493255615,64000,19240,6
24,32,2000,51.04998588562012,64000,15552,0
24,32,2000,63.75086760520935,64000,19904,1
24,32,2000,60.99492621421814,64000,16192,2
24,32,2000,50.26356387138367,64000,16448,3
24,32,2000,61.67815709114075,64000,17984,4
24,32,2000,81.54922223091125,64000,22336,5
24,32,2000,60.35786581039429,64000,19264,6
20,32,3000,50.4251127243042,96000,15550,0
20,32,3000,65.10213470458984,96000,19950,1
20,32,3000,61.26581406593323,96000,16150,2
20,32,3000,51.46358585357666,96000,16440,3
20,32,3000,62.623228311538696,96000,17990,4
20,32,3000,79.64843106269836,96000,22320,5
20,32,3000,62.51325035095215,96000,19300,6
7,32,3000,51.170950174331665,96000,15552,0
7,32,3000,64.39933705329895,96000,19904,1
7,32,3000,61.270074129104614,96000,16192,2
7,32,3000,51.67554020881653,96000,16448,3
7,32,3000,62.518224000930786,96000,17984,4
7,32,3000,79.17060732841492,96000,22336,5
7,32,3000,63.14487934112549,96000,19264,6
30,32,3000,50.52626395225525,96000,15540,0
30,32,3000,64.90973997116089,96000,19970,1
30,32,3000,61.489306688308716,96000,16140,2
30,32,3000,51.765512466430664,96000,16450,3
30,32,3000,62.66025710105896,96000,17960,4
30,32,3000,79.0756163597107,96000,22350,5
30,32,3000,62.3978157043457,96000,19280,6
12,32,3000,50.38799214363098,96000,15540,0
12,32,3000,65.00437545776367,96000,19980,1
12,32,3000,61.35954403877258,96000,16130,2
12,32,3000,51.465434074401855,96000,16450,3
12,32,3000,62.267332553863525,96000,17960,4
12,32,3000,79.52859830856323,96000,22350,5
12,32,3000,63.012699127197266,96000,19270,6
28,32,3000,50.37506675720215,96000,15540,0
28,32,3000,64.46019434928894,96000,19940,1
28,32,3000,61.6636004447937,96000,16170,2
28,32,3000,51.37157106399536,96000,16460,3
28,32,3000,62.11434268951416,96000,17950,4
28,32,3000,80.59208130836487,96000,22340,5
28,32,3000,62.51290225982666,96000,19270,6
25,32,3000,49.97504734992981,96000,15552,0
25,32,3000,65.35916066169739,96000,19904,1
25,32,3000,60.91496443748474,96000,16192,2
25,32,3000,51.75737714767456,96000,16448,3
25,32,3000,62.24455285072327,96000,17984,4
25,32,3000,78.68803715705872,96000,22336,5
25,32,3000,62.522817850112915,96000,19264,6
23,32,3000,50.29400396347046,96000,15550,0
23,32,3000,64.97768259048462,96000,19970,1
23,32,3000,61.453528881073,96000,16130,2
23,32,3000,51.944206953048706,96000,16460,3
23,32,3000,61.897056579589844,96000,17950,4
23,32,3000,80.44351196289062,96000,22350,5
23,32,3000,62.999722480773926,96000,19260,6
26,32,3000,50.14207720756531,96000,15550,0
26,32,3000,64.793865442276,96000,19960,1
26,32,3000,61.094208002090454,96000,16140,2
26,32,3000,51.61275863647461,96000,16450,3
26,32,3000,62.408005237579346,96000,17960,4
26,32,3000,79.85817337036133,96000,22360,5
26,32,3000,62.557334899902344,96000,19250,6
6,32,3000,50.09273886680603,96000,15550,0
6,32,3000,64.49168920516968,96000,19960,1
6,32,3000,61.828858852386475,96000,16140,2
6,32,3000,51.2130184173584,96000,16440,3
6,32,3000,62.4605028629303,96000,17970,4
6,32,3000,79.82097673416138,96000,22360,5
6,32,3000,62.744016885757446,96000,19260,6
1,32,3000,51.796754598617554,96000,15540,0
1,32,3000,64.99692368507385,96000,19970,1
1,32,3000,60.42807483673096,96000,16140,2
1,32,3000,52.43514895439148,96000,16450,3
1,32,3000,63.14118933677673,96000,17960,4
1,32,3000,80.24523377418518,96000,22360,5
1,32,3000,62.22639584541321,96000,19260,6
0,32,3000,50.20422983169556,96000,15552,0
0,32,3000,64.60951519012451,96000,19904,1
0,32,3000,61.218185901641846,96000,16192,2
0,32,3000,51.32472205162048,96000,16448,3
0,32,3000,62.67610192298889,96000,17984,4
0,32,3000,79.58121752738953,96000,22336,5
0,32,3000,62.614325284957886,96000,19264,6
3,32,3000,49.914182901382446,96000,15560,0
3,32,3000,64.7969241142273,96000,19960,1
3,32,3000,61.230077505111694,96000,16130,2
3,32,3000,51.25718688964844,96000,16450,3
3,32,3000,62.86752939224243,96000,17960,4
3,32,3000,80.35103464126587,96000,22360,5
3,32,3000,62.738176345825195,96000,19250,6
15,32,3000,51.08848309516907,96000,15550,0
15,32,3000,64.29132223129272,96000,19950,1
15,32,3000,61.17568635940552,96000,16150,2
15,32,3000,51.562183141708374,96000,16440,3
15,32,3000,62.59959816932678,96000,17990,4
15,32,3000,79.06358242034912,96000,22320,5
15,32,3000,62.612502336502075,96000,19300,6
16,32,3000,51.2065749168396,96000,15540,0
16,32,3000,64.80891680717468,96000,19950,1
16,32,3000,61.06573438644409,96000,16160,2
16,32,3000,51.71149277687073,96000,16440,3
16,32,3000,62.634987354278564,96000,17980,4
16,32,3000,79.13922810554504,96000,22330,5
16,32,3000,62.56597375869751,96000,19320,6
11,32,3000,50.97896647453308,96000,15552,0
11,32,3000,64.66331720352173,96000,19904,1
11,32,3000,60.90893530845642,96000,16192,2
11,32,3000,51.234434843063354,96000,16448,3
11,32,3000,62.17192530632019,96000,17984,4
11,32,3000,79.08549356460571,96000,22336,5
11,32,3000,63.36792802810669,96000,19264,6
10,32,3000,50.54671382904053,96000,15552,0
10,32,3000,65.35983180999756,96000,19904,1
10,32,3000,60.93105864524841,96000,16192,2
10,32,3000,51.01301074028015,96000,16448,3
10,32,3000,62.42840337753296,96000,17984,4
10,32,3000,79.26320719718933,96000,22336,5
10,32,3000,63.315717458724976,96000,19264,6
17,32,3000,50.453715324401855,96000,15550,0
17,32,3000,65.03656268119812,96000,19930,1
17,32,3000,61.63425660133362,96000,16170,2
17,32,3000,51.75143361091614,96000,16450,3
17,32,3000,62.6402382850647,96000,17970,4
17,32,3000,79.58588027954102,96000,22330,5
17,32,3000,63.34045457839966,96000,19280,6
2,32,3000,50.7049126625061,96000,15550,0
2,32,3000,64.34266471862793,96000,19960,1
2,32,3000,60.98541617393494,96000,16140,2
2,32,3000,51.220207929611206,96000,16450,3
2,32,3000,63.09306478500366,96000,17960,4
2,32,3000,79.13770270347595,96000,22360,5
2,32,3000,63.06318235397339,96000,19250,6
13,32,3000,50.139689683914185,96000,15560,0
13,32,3000,65.35936284065247,96000,19930,1
13,32,3000,61.333285093307495,96000,16160,2
13,32,3000,51.54993557929993,96000,16440,3
13,32,3000,62.753357887268066,96000,17990,4
13,32,3000,79.6355950832367,96000,22330,5
13,32,3000,63.43581819534302,96000,19290,6
21,32,3000,50.63965368270874,96000,15552,0
21,32,3000,65.2813127040863,96000,19904,1
21,32,3000,61.69037938117981,96000,16192,2
21,32,3000,51.84174823760986,96000,16448,3
21,32,3000,62.14199709892273,96000,17984,4
21,32,3000,80.93526816368103,96000,22336,5
21,32,3000,62.323452949523926,96000,19264,6
14,32,3000,50.268614292144775,96000,15552,0
14,32,3000,65.2106363773346,96000,19904,1
14,32,3000,61.31275820732117,96000,16192,2
14,32,3000,51.812318563461304,96000,16448,3
14,32,3000,62.26074433326721,96000,17984,4
14,32,3000,78.8323438167572,96000,22336,5
14,32,3000,62.87499713897705,96000,19264,6
9,32,3000,51.19438552856445,96000,15540,0
9,32,3000,64.81956219673157,96000,19960,1
9,32,3000,61.500028133392334,96000,16150,2
9,32,3000,51.94355893135071,96000,16440,3
9,32,3000,62.01243543624878,96000,17990,4
9,32,3000,79.58540558815002,96000,22320,5
9,32,3000,63.29737973213196,96000,19300,6
22,32,3000,50.65617847442627,96000,15540,0
22,32,3000,64.52360033988953,96000,19960,1
22,32,3000,61.113887310028076,96000,16150,2
22,32,3000,52.07806158065796,96000,16440,3
22,32,3000,62.58235573768616,96000,17980,4
22,32,3000,79.5443127155304,96000,22330,5
22,32,3000,62.740790367126465,96000,19320,6
8,32,3000,50.3573260307312,96000,15550,0
8,32,3000,64.8996958732605,96000,19970,1
8,32,3000,61.42078924179077,96000,16130,2
8,32,3000,51.90741205215454,96000,16450,3
8,32,3000,62.92624807357788,96000,17960,4
8,32,3000,79.9132833480835,96000,22350,5
8,32,3000,62.61017870903015,96000,19270,6
19,32,3000,50.524224042892456,96000,15560,0
19,32,3000,65.92955946922302,96000,19920,1
19,32,3000,61.22315073013306,96000,16170,2
19,32,3000,51.728376388549805,96000,16450,3
19,32,3000,63.08332943916321,96000,17970,4
19,32,3000,79.16706418991089,96000,22340,5
19,32,3000,62.112826108932495,96000,19270,6
4,32,3000,50.871411085128784,96000,15560,0
4,32,3000,65.05250310897827,96000,19920,1
4,32,3000,61.211578607559204,96000,16170,2
4,32,3000,51.49347472190857,96000,16440,3
4,32,3000,62.923551082611084,96000,17990,4
4,32,3000,79.37478685379028,96000,22330,5
4,32,3000,62.713918685913086,96000,19290,6
27,32,3000,50.23025465011597,96000,15560,0
27,32,3000,65.42045092582703,96000,19930,1
27,32,3000,61.17115044593811,96000,16160,2
27,32,3000,51.097583055496216,96000,16440,3
27,32,3000,63.20268726348877,96000,17990,4
27,32,3000,79.10399127006531,96000,22320,5
27,32,3000,62.80213665962219,96000,19300,6
29,32,3000,51.41833996772766,96000,15540,0
29,32,3000,64.46686863899231,96000,19960,1
29,32,3000,61.85885739326477,96000,16150,2
29,32,3000,51.327255964279175,96000,16440,3
29,32,3000,63.02908444404602,96000,17990,4
29,32,3000,79.5197525024414,96000,22320,5
29,32,3000,62.84771156311035,96000,19320,6
31,32,3000,50.40635275840759,96000,15550,0
31,32,3000,64.60533618927002,96000,19950,1
31,32,3000,61.07448673248291,96000,16150,2
31,32,3000,51.15499973297119,96000,16460,3
31,32,3000,62.12316012382507,96000,17950,4
31,32,3000,79.21283411979675,96000,22340,5
31,32,3000,62.95142936706543,96000,19280,6
18,32,3000,50.71187973022461,96000,15550,0
18,32,3000,64.82101535797119,96000,19930,1
18,32,3000,61.35477018356323,96000,16170,2
18,32,3000,51.53718328475952,96000,16460,3
18,32,3000,62.30865502357483,96000,17940,4
18,32,3000,79.43982172012329,96000,22350,5
18,32,3000,62.40620255470276,96000,19270,6
5,32,3000,50.643396854400635,96000,15560,0
5,32,3000,65.09459590911865,96000,19920,1
5,32,3000,60.8390212059021,96000,16170,2
5,32,3000,51.897066831588745,96000,16440,3
5,32,3000,63.0982506275177,96000,17980,4
5,32,3000,79.44789266586304,96000,22340,5
5,32,3000,62.7629234790802,96000,19270,6
24,32,3000,50.89502263069153,96000,15552,0
24,32,3000,65.41666841506958,96000,19904,1
24,32,3000,61.44022607803345,96000,16192,2
24,32,3000,51.86301779747009,96000,16448,3
24,32,3000,62.70652222633362,96000,17984,4
24,32,3000,79.1215603351593,96000,22336,5
24,32,3000,62.6391441822052,96000,19264,6
20,32,4000,51.96800374984741,128000,15560,0
20,32,4000,64.60274505615234,128000,19900,1
20,32,4000,62.092302322387695,128000,16180,2
20,32,4000,51.00813341140747,128000,16470,3
20,32,4000,62.998679876327515,128000,17970,4
20,32,4000,80.15707206726074,128000,22310,5
20,32,4000,63.766735792160034,128000,19300,6
7,32,4000,52.56212019920349,128000,15552,0
7,32,4000,64.21477389335632,128000,19904,1
7,32,4000,61.526320695877075,128000,16192,2
7,32,4000,49.90217924118042,128000,16448,3
7,32,4000,62.69835710525513,128000,17984,4
7,32,4000,81.2360668182373,128000,22336,5
7,32,4000,63.824188232421875,128000,19264,6
30,32,4000,51.615148067474365,128000,15550,0
30,32,4000,64.71649384498596,128000,19890,1
30,32,4000,61.729039430618286,128000,16210,2
30,32,4000,51.02363610267639,128000,16440,3
30,32,4000,63.88557577133179,128000,18000,4
30,32,4000,80.82393002510071,128000,22300,5
30,32,4000,64.72473788261414,128000,19280,6
12,32,4000,51.71337532997131,128000,15550,0
12,32,4000,64.58675909042358,128000,19900,1
12,32,4000,62.51716637611389,128000,16200,2
12,32,4000,48.808671712875366,128000,16440,3
12,32,4000,61.47230362892151,128000,17990,4
12,32,4000,80.4909257888794,128000,22310,5
12,32,4000,64.35697031021118,128000,19280,6
28,32,4000,51.839897871017456,128000,15560,0
28,32,4000,63.72167158126831,128000,19880,1
28,32,4000,61.49812698364258,128000,16210,2
28,32,4000,50.908841133117676,128000,16440,3
28,32,4000,63.39478039741516,128000,17990,4
28,32,4000,80.66027116775513,128000,22320,5
28,32,4000,63.188563108444214,128000,19300,6
25,32,4000,52.28164720535278,128000,15552,0
25,32,4000,64.35681176185608,128000,19904,1
25,32,4000,61.28663754463196,128000,16192,2
25,32,4000,51.16472578048706,128000,16448,3
25,32,4000,62.660284996032715,128000,17984,4
25,32,4000,80.25828981399536,128000,22336,5
25,32,4000,63.84943079948425,128000,19264,6
23,32,4000,52.185672998428345,128000,15550,0
23,32,4000,64.48638081550598,128000,19880,1
23,32,4000,61.64160203933716,128000,16220,2
23,32,4000,50.83625793457031,128000,16440,3
23,32,4000,62.48822903633118,128000,17980,4
23,32,4000,80.28914737701416,128000,22320,5
23,32,4000,63.782341957092285,128000,19310,6
26,32,4000,51.90960645675659,128000,15550,0
26,32,4000,64.11787557601929,128000,19890,1
26,32,4000,62.17687129974365,128000,16210,2
26,32,4000,50.92558813095093,128000,16450,3
26,32,4000,64.33763432502747,128000,17970,4
26,32,4000,80.30703902244568,128000,22320,5
26,32,4000,64.15406346321106,128000,19300,6
6,32,4000,51.932918548583984,128000,15550,0
6,32,4000,64.4767746925354,128000,19900,1
6,32,4000,62.28335976600647,128000,16200,2
6,32,4000,50.61249876022339,128000,16440,3
6,32,4000,62.76295757293701,128000,17990,4
6,32,4000,81.0490951538086,128000,22310,5
6,32,4000,63.76955819129944,128000,19300,6
1,32,4000,51.98833870887756,128000,15550,0
1,32,4000,64.03066682815552,128000,19890,1
1,32,4000,61.94261598587036,128000,16210,2
1,32,4000,51.48387360572815,128000,16440,3
1,32,4000,62.61308431625366,128000,17990,4
1,32,4000,81.18094396591187,128000,22310,5
1,32,4000,64.26060152053833,128000,19300,6
0,32,4000,52.0951783657074,128000,15552,0
0,32,4000,64.1364016532898,128000,19904,1
0,32,4000,62.279953956604004,128000,16192,2
0,32,4000,50.68231821060181,128000,16448,3
0,32,4000,63.526875495910645,128000,17984,4
0,32,4000,80.47882771492004,128000,22336,5
0,32,4000,64.76597094535828,128000,19264,6
3,32,4000,51.963887214660645,128000,15550,0
3,32,4000,64.71531534194946,128000,19890,1
3,32,4000,61.88715362548828,128000,16210,2
3,32,4000,50.67094564437866,128000,16450,3
3,32,4000,62.46457028388977,128000,17970,4
3,32,4000,81.21877479553223,128000,22320,5
3,32,4000,63.79312038421631,128000,19310,6
15,32,4000,52.43591070175171,128000,15560,0
15,32,4000,64.31136775016785,128000,19890,1
15,32,4000,62.213887453079224,128000,16190,2
15,32,4000,50.862974643707275,128000,16460,3
15,32,4000,62.88913297653198,128000,17980,4
15,32,4000,81.48614645004272,128000,22310,5
15,32,4000,64.79002690315247,128000,19300,6
16,32,4000,51.618462800979614,128000,15560,0
16,32,4000,64.32845377922058,128000,19890,1
16,32,4000,61.7559027671814,128000,16190,2
16,32,4000,50.74386501312256,128000,16480,3
16,32,4000,63.17415976524353,128000,17960,4
16,32,4000,81.44940686225891,128000,22320,5
16,32,4000,63.96600365638733,128000,19280,6
11,32,4000,52.533884048461914,128000,15552,0
11,32,4000,65.33508944511414,128000,19904,1
11,32,4000,62.422940731048584,128000,16192,2
11,32,4000,50.63748383522034,128000,16448,3
11,32,4000,62.8618803024292,128000,17984,4
11,32,4000,81.26152992248535,128000,22336,5
11,32,4000,64.6587598323822,128000,19264,6
10,32,4000,52.85629677772522,128000,15552,0
10,32,4000,64.01604533195496,128000,19904,1
10,32,4000,61.53632664680481,128000,16192,2
10,32,4000,51.142146825790405,128000,16448,3
10,32,4000,63.095590114593506,128000,17984,4
10,32,4000,81.41141486167908,128000,22336,5
10,32,4000,64.72742295265198,128000,19264,6
17,32,4000,52.468209743499756,128000,15560,0
17,32,4000,64.5037009716034,128000,19890,1
17,32,4000,61.94630241394043,128000,16190,2
17,32,4000,50.973024129867554,128000,16460,3
17,32,4000,62.129141330718994,128000,17980,4
17,32,4000,81.05172610282898,128000,22320,5
17,32,4000,63.73596143722534,128000,19300,6
2,32,4000,52.24874210357666,128000,15550,0
2,32,4000,64.8685131072998,128000,19890,1
2,32,4000,61.90655708312988,128000,16210,2
2,32,4000,51.111801624298096,128000,16450,3
2,32,4000,62.94733476638794,128000,17970,4
2,32,4000,81.4430787563324,128000,22320,5
2,32,4000,63.89333486557007,128000,19300,6
13,32,4000,51.9346227645874,128000,15560,0
13,32,4000,63.86837100982666,128000,19890,1
13,32,4000,61.8078408241272,128000,16190,2
13,32,4000,50.54353976249695,128000,16450,3
13,32,4000,62.520323038101196,128000,17990,4
13,32,4000,81.10805940628052,128000,22310,5
13,32,4000,64.01632475852966,128000,19310,6
21,32,4000,52.44869661331177,128000,15552,0
21,32,4000,63.77518010139465,128000,19904,1
21,32,4000,62.11930847167969,128000,16192,2
21,32,4000,51.022465229034424,128000,16448,3
21,32,4000,62.9005606174469,128000,17984,4
21,32,4000,80.65056276321411,128000,22336,5
21,32,4000,64.84164452552795,128000,19264,6
14,32,4000,52.187628984451294,128000,15552,0
14,32,4000,64.63161325454712,128000,19904,1
14,32,4000,62.31527328491211,128000,16192,2
14,32,4000,51.0418906211853,128000,16448,3
14,32,4000,63.0317223072052,128000,17984,4
14,32,4000,80.35996747016907,128000,22336,5
14,32,4000,64.09363675117493,128000,19264,6
9,32,4000,51.701056718826294,128000,15560,0
9,32,4000,64.04676938056946,128000,19900,1
9,32,4000,61.53119874000549,128000,16180,2
9,32,4000,50.524787187576294,128000,16470,3
9,32,4000,62.643266916275024,128000,17970,4
9,32,4000,79.75167393684387,128000,22310,5
9,32,4000,64.98865556716919,128000,19290,6
22,32,4000,52.079421281814575,128000,15560,0
22,32,4000,64.37073254585266,128000,19890,1
22,32,4000,62.25572729110718,128000,16190,2
22,32,4000,50.57217884063721,128000,16480,3
22,32,4000,63.043375968933105,128000,17960,4
22,32,4000,80.9066424369812,128000,22320,5
22,32,4000,63.32971954345703,128000,19270,6
8,32,4000,52.47570753097534,128000,15550,0
8,32,4000,63.444796323776245,128000,19900,1
8,32,4000,61.69014120101929,128000,16200,2
8,32,4000,49.82012486457825,128000,16440,3
8,32,4000,63.202730894088745,128000,17990,4
8,32,4000,80.4390332698822,128000,22310,5
8,32,4000,63.64225769042969,128000,19280,6
19,32,4000,52.65263319015503,128000,15560,0
19,32,4000,64.21843123435974,128000,19890,1
19,32,4000,62.217418909072876,128000,16190,2
19,32,4000,49.96884727478027,128000,16460,3
19,32,4000,62.95456504821777,128000,17970,4
19,32,4000,81.02030920982361,128000,22330,5
19,32,4000,63.9191153049469,128000,19300,6
4,32,4000,52.08733415603638,128000,15560,0
4,32,4000,64.11073684692383,128000,19890,1
4,32,4000,61.792879581451416,128000,16190,2
4,32,4000,51.56868839263916,128000,16450,3
4,32,4000,62.397969484329224,128000,17990,4
4,32,4000,80.63850545883179,128000,22310,5
4,32,4000,64.9563479423523,128000,19310,6
27,32,4000,51.567856788635254,128000,15560,0
27,32,4000,64.16569352149963,128000,19890,1
27,32,4000,61.94318699836731,128000,16190,2
27,32,4000,50.95624089241028,128000,16460,3
27,32,4000,62.26789665222168,128000,17980,4
27,32,4000,81.64448690414429,128000,22310,5
27,32,4000,63.834731101989746,128000,19300,6
29,32,4000,52.05883860588074,128000,15560,0
29,32,4000,65.32206535339355,128000,19900,1
29,32,4000,61.484384059906006,128000,16180,2
29,32,4000,51.14981985092163,128000,16470,3
29,32,4000,62.45971345901489,128000,17970,4
29,32,4000,81.56533670425415,128000,22320,5
29,32,4000,64.50325727462769,128000,19280,6
31,32,4000,51.56530833244324,128000,15550,0
31,32,4000,64.53765106201172,128000,19890,1
31,32,4000,62.073883295059204,128000,16210,2
31,32,4000,50.52201461791992,128000,16440,3
31,32,4000,63.735172510147095,128000,17980,4
31,32,4000,80.966144323349,128000,22320,5
31,32,4000,63.89635515213013,128000,19310,6
18,32,4000,51.91476488113403,128000,15550,0
18,32,4000,63.96050429344177,128000,19890,1
18,32,4000,61.7143337726593,128000,16210,2
18,32,4000,50.3008759021759,128000,16440,3
18,32,4000,63.33866214752197,128000,17990,4
18,32,4000,80.88454794883728,128000,22320,5
18,32,4000,64.65750932693481,128000,19300,6
5,32,4000,51.51126289367676,128000,15560,0
5,32,4000,64.83060073852539,128000,19890,1
5,32,4000,61.74320602416992,128000,16190,2
5,32,4000,50.2566237449646,128000,16460,3
5,32,4000,64.05378413200378,128000,17970,4
5,32,4000,81.00223088264465,128000,22330,5
5,32,4000,63.589184522628784,128000,19290,6
24,32,4000,51.90445113182068,128000,15552,0
24,32,4000,64.0199499130249,128000,19904,1
24,32,4000,61.81905388832092,128000,16192,2
24,32,4000,50.45380115509033,128000,16448,3
24,32,4000,63.58375668525696,128000,17984,4
24,32,4000,81.36154794692993,128000,22336,5
24,32,4000,64.05367875099182,128000,19264,6
20,32,5000,51.33711123466492,160000,15540,0
20,32,5000,65.33575749397278,160000,19900,1
20,32,5000,63.507132053375244,160000,16200,2
20,32,5000,52.36461138725281,160000,16430,3
20,32,5000,61.47581624984741,160000,18000,4
20,32,5000,83.22706604003906,160000,22350,5
20,32,5000,63.07192873954773,160000,19230,6
7,32,5000,50.2422890663147,160000,15552,0
7,32,5000,66.88612985610962,160000,19904,1
7,32,5000,64.2872884273529,160000,16192,2
7,32,5000,52.134865283966064,160000,16448,3
7,32,5000,60.54989838600159,160000,17984,4
7,32,5000,82.50392508506775,160000,22336,5
7,32,5000,63.601847410202026,160000,19264,6
30,32,5000,51.260066509246826,160000,15560,0
30,32,5000,65.61712861061096,160000,19860,1
30,32,5000,62.443126916885376,160000,16230,2
30,32,5000,51.87964701652527,160000,16430,3
30,32,5000,62.01741552352905,160000,17990,4
30,32,5000,83.31564044952393,160000,22350,5
30,32,5000,63.437098026275635,160000,19270,6
12,32,5000,50.535019636154175,160000,15550,0
12,32,5000,65.75752067565918,160000,19870,1
12,32,5000,63.50501894950867,160000,16230,2
12,32,5000,53.07364225387573,160000,16430,3
12,32,5000,62.03601551055908,160000,17980,4
12,32,5000,83.177011013031,160000,22360,5
12,32,5000,62.6043963432312,160000,19270,6
28,32,5000,51.15720844268799,160000,15550,0
28,32,5000,67.00573992729187,160000,19880,1
28,32,5000,63.609766483306885,160000,16210,2
28,32,5000,52.01679086685181,160000,16420,3
28,32,5000,61.70740985870361,160000,18010,4
28,32,5000,82.60596203804016,160000,22340,5
28,32,5000,62.74636387825012,160000,19250,6
25,32,5000,50.64005517959595,160000,15552,0
25,32,5000,66.32295989990234,160000,19904,1
25,32,5000,64.19416570663452,160000,16192,2
25,32,5000,51.782580852508545,160000,16448,3
25,32,5000,60.89507436752319,160000,17984,4
25,32,5000,82.4913718700409,160000,22336,5
25,32,5000,62.77069687843323,160000,19264,6
23,32,5000,51.080628871917725,160000,15550,0
23,32,5000,66.02117967605591,160000,19880,1
23,32,5000,63.77967071533203,160000,16210,2
23,32,5000,52.06011986732483,160000,16420,3
23,32,5000,60.734102725982666,160000,18000,4
23,32,5000,82.13528156280518,160000,22350,5
23,32,5000,63.43921089172363,160000,19240,6
26,32,5000,50.72283744812012,160000,15550,0
26,32,5000,65.49478244781494,160000,19880,1
26,32,5000,63.31453776359558,160000,16210,2
26,32,5000,53.25066375732422,160000,16430,3
26,32,5000,60.78936290740967,160000,17990,4
26,32,5000,83.28632831573486,160000,22360,5
26,32,5000,62.7867865562439,160000,19230,6
6,32,5000,51.365437746047974,160000,15550,0
6,32,5000,66.86302399635315,160000,19880,1
6,32,5000,62.69399690628052,160000,16210,2
6,32,5000,52.550427198410034,160000,16430,3
6,32,5000,62.28835654258728,160000,17990,4
6,32,5000,82.89902472496033,160000,22360,5
6,32,5000,64.60650873184204,160000,19230,6
1,32,5000,50.91828632354736,160000,15550,0
1,32,5000,66.88942837715149,160000,19870,1
1,32,5000,63.8596568107605,160000,16220,2
1,32,5000,52.864935636520386,160000,16430,3
1,32,5000,61.53797507286072,160000,17990,4
1,32,5000,82.47125887870789,160000,22360,5
1,32,5000,62.74748611450195,160000,19230,6
0,32,5000,50.46107482910156,160000,15552,0
0,32,5000,65.90109777450562,160000,19904,1
0,32,5000,62.60440492630005,160000,16192,2
0,32,5000,51.80045509338379,160000,16448,3
0,32,5000,60.68778085708618,160000,17984,4
0,32,5000,83.27608489990234,160000,22336,5
0,32,5000,63.38553047180176,160000,19264,6
3,32,5000,51.34869694709778,160000,15550,0
3,32,5000,65.55826807022095,160000,19880,1
3,32,5000,62.855430126190186,160000,16210,2
3,32,5000,51.71773028373718,160000,16420,3
3,32,5000,61.64356255531311,160000,18000,4
3,32,5000,82.10161280632019,160000,22350,5
3,32,5000,63.059900522232056,160000,19250,6
15,32,5000,50.8896005153656,160000,15540,0
15,32,5000,66.54378652572632,160000,19900,1
15,32,5000,62.47631025314331,160000,16200,2
15,32,5000,51.728973150253296,160000,16430,3
15,32,5000,61.32224225997925,160000,17990,4
15,32,5000,82.52223229408264,160000,22350,5
15,32,5000,62.33627486228943,160000,19240,6
16,32,5000,50.9292254447937,160000,15540,0
16,32,5000,66.9288375377655,160000,19890,1
16,32,5000,63.26046848297119,160000,16210,2
16,32,5000,52.00020885467529,160000,16420,3
16,32,5000,61.81438946723938,160000,18020,4
16,32,5000,82.44270825386047,160000,22350,5
16,32,5000,64.60145902633667,160000,19230,6
11,32,5000,51.209211111068726,160000,15552,0
11,32,5000,65.11279010772705,160000,19904,1
11,32,5000,62.44716000556946,160000,16192,2
11,32,5000,52.313409090042114,160000,16448,3
11,32,5000,61.26533770561218,160000,17984,4
11,32,5000,83.44218516349792,160000,22336,5
11,32,5000,61.64945864677429,160000,19264,6
10,32,5000,51.64063024520874,160000,15552,0
10,32,5000,65.66154313087463,160000,19904,1
10,32,5000,62.864985942840576,160000,16192,2
10,32,5000,51.87283992767334,160000,16448,3
10,32,5000,61.87698173522949,160000,17984,4
10,32,5000,82.93380975723267,160000,22336,5
10,32,5000,62.648725271224976,160000,19264,6
17,32,5000,50.86725640296936,160000,15550,0
17,32,5000,65.80143618583679,160000,19880,1
17,32,5000,62.81392478942871,160000,16210,2
17,32,5000,52.193596839904785,160000,16420,3
17,32,5000,61.68109059333801,160000,18000,4
17,32,5000,83.26060199737549,160000,22350,5
17,32,5000,62.18914198875427,160000,19240,6
2,32,5000,52.005311012268066,160000,15550,0
2,32,5000,65.78781414031982,160000,19880,1
2,32,5000,62.954306840896606,160000,16210,2
2,32,5000,51.55198311805725,160000,16430,3
2,32,5000,61.79598140716553,160000,17990,4
2,32,5000,83.1350212097168,160000,22350,5
2,32,5000,62.87109327316284,160000,19250,6
13,32,5000,50.62694239616394,160000,15540,0
13,32,5000,66.38487386703491,160000,19890,1
13,32,5000,63.09798812866211,160000,16210,2
13,32,5000,51.884705543518066,160000,16420,3
13,32,5000,61.59003043174744,160000,18000,4
13,32,5000,82.44766926765442,160000,22350,5
13,32,5000,64.15413212776184,160000,19240,6
21,32,5000,50.83653950691223,160000,15552,0
21,32,5000,65.8341417312622,160000,19904,1
21,32,5000,62.52506947517395,160000,16192,2
21,32,5000,52.00612211227417,160000,16448,3
21,32,5000,61.13519096374512,160000,17984,4
21,32,5000,82.4973611831665,160000,22336,5
21,32,5000,62.24003076553345,160000,19264,6
14,32,5000,50.66289472579956,160000,15552,0
14,32,5000,65.85717797279358,160000,19904,1
14,32,5000,63.07557201385498,160000,16192,2
14,32,5000,52.640697717666626,160000,16448,3
14,32,5000,61.58946752548218,160000,17984,4
14,32,5000,83.13216304779053,160000,22336,5
14,32,5000,62.630247831344604,160000,19264,6
9,32,5000,50.919158935546875,160000,15540,0
9,32,5000,65.48538994789124,160000,19900,1
9,32,5000,62.60804891586304,160000,16200,2
9,32,5000,51.87830662727356,160000,16420,3
9,32,5000,61.169593334198,160000,18020,4
9,32,5000,83.56773495674133,160000,22340,5
9,32,5000,63.07492160797119,160000,19230,6
22,32,5000,51.087536334991455,160000,15540,0
22,32,5000,67.49948525428772,160000,19890,1
22,32,5000,62.892770767211914,160000,16210,2
22,32,5000,51.65289378166199,160000,16420,3
22,32,5000,60.73353958129883,160000,18020,4
22,32,5000,83.45758056640625,160000,22350,5
22,32,5000,62.16277718544006,160000,19230,6
8,32,5000,51.45311665534973,160000,15550,0
8,32,5000,65.89235520362854,160000,19880,1
8,32,5000,62.63778638839722,160000,16220,2
8,32,5000,52.292190074920654,160000,16430,3
8,32,5000,60.90570569038391,160000,17980,4
8,32,5000,83.92032766342163,160000,22360,5
8,32,5000,62.95432186126709,160000,19250,6
19,32,5000,51.083619356155396,160000,15550,0
19,32,5000,66.70463919639587,160000,19880,1
19,32,5000,63.535441875457764,160000,16210,2
19,32,5000,51.27487659454346,160000,16420,3
19,32,5000,61.779261112213135,160000,18000,4
19,32,5000,83.87258863449097,160000,22350,5
19,32,5000,62.84161400794983,160000,19250,6
4,32,5000,50.34808540344238,160000,15550,0
4,32,5000,65.9528911113739,160000,19880,1
4,32,5000,62.68055725097656,160000,16210,2
4,32,5000,51.75702500343323,160000,16420,3
4,32,5000,60.45927882194519,160000,18000,4
4,32,5000,82.78368067741394,160000,22350,5
4,32,5000,60.80488896369934,160000,19240,6
27,32,5000,50.62982392311096,160000,15540,0
27,32,5000,64.96881818771362,160000,19890,1
27,32,5000,62.63839817047119,160000,16210,2
27,32,5000,51.64094281196594,160000,16420,3
27,32,5000,62.34740877151489,160000,18000,4
27,32,5000,82.05447506904602,160000,22350,5
27,32,5000,63.44735860824585,160000,19250,6
29,32,5000,51.84476923942566,160000,15540,0
29,32,5000,66.55840539932251,160000,19890,1
29,32,5000,62.05469822883606,160000,16210,2
29,32,5000,51.884235858917236,160000,16420,3
29,32,5000,61.77689242362976,160000,18010,4
29,32,5000,83.17128944396973,160000,22360,5
29,32,5000,63.12152695655823,160000,19230,6
31,32,5000,50.40131330490112,160000,15550,0
31,32,5000,67.0567455291748,160000,19880,1
31,32,5000,62.97915530204773,160000,16210,2
31,32,5000,52.6881058216095,160000,16420,3
31,32,5000,61.29828357696533,160000,18010,4
31,32,5000,82.81089735031128,160000,22340,5
31,32,5000,63.39070510864258,160000,19240,6
18,32,5000,50.531614542007446,160000,15550,0
18,32,5000,65.44381928443909,160000,19880,1
18,32,5000,62.99718928337097,160000,16210,2
18,32,5000,51.77366614341736,160000,16420,3
18,32,5000,61.13283324241638,160000,18010,4
18,32,5000,83.00172019004822,160000,22340,5
18,32,5000,63.73210144042969,160000,19240,6
5,32,5000,50.967283725738525,160000,15550,0
5,32,5000,66.05311608314514,160000,19880,1
5,32,5000,63.01417827606201,160000,16210,2
5,32,5000,51.82282781600952,160000,16420,3
5,32,5000,60.67077374458313,160000,18000,4
5,32,5000,82.8727765083313,160000,22350,5
5,32,5000,62.98187589645386,160000,19240,6
24,32,5000,51.57521629333496,160000,15552,0
24,32,5000,65.36108303070068,160000,19904,1
24,32,5000,62.92854857444763,160000,16192,2
24,32,5000,52.11552858352661,160000,16448,3
24,32,5000,61.3228440284729,160000,17984,4
24,32,5000,82.88618421554565,160000,22336,5
24,32,5000,62.919557094573975,160000,19264,6
